{
	"credit": "Made by Flubberschnub",
	"texture_size": [64, 64],
	"textures": {
		"0": "nyctocosm:items/nullpoint/nullpoint4",
		"particle": "nyctocosm:items/nullpoint/nullpoint4"
	},
	"elements": [
		{
			"from": [4.5, 21, 8],
			"to": [11.5, 32, 8],
			"rotation": {"angle": 0, "axis": "y", "origin": [7, -4.5, 7]},
			"faces": {
				"north": {"uv": [0, 0, 1.75, 2.75], "texture": "#0"},
				"east": {"uv": [0, 0, 0, 2.75], "texture": "#0"},
				"south": {"uv": [1.75, 0, 3.5, 2.75], "texture": "#0"},
				"west": {"uv": [0, 0, 0, 2.75], "texture": "#0"},
				"up": {"uv": [1.75, 0, 0, 0], "texture": "#0"},
				"down": {"uv": [1.75, 0, 0, 0], "texture": "#0"}
			}
		},
		{
			"from": [7, -13, 7],
			"to": [9, -11, 9],
			"rotation": {"angle": 0, "axis": "y", "origin": [8, -12, 8.5]},
			"faces": {
				"north": {"uv": [3, 4, 3.5, 4.5], "texture": "#0"},
				"east": {"uv": [4, 3.75, 4.5, 4.25], "texture": "#0"},
				"south": {"uv": [4, 4.25, 4.5, 4.75], "texture": "#0"},
				"west": {"uv": [4.5, 0, 5, 0.5], "texture": "#0"},
				"up": {"uv": [5, 1, 4.5, 0.5], "texture": "#0"},
				"down": {"uv": [5, 1, 4.5, 1.5], "texture": "#0"}
			}
		},
		{
			"from": [6.76256, -12.28033, 7.75],
			"to": [7.51256, -8.78033, 8.25],
			"rotation": {"angle": -45, "axis": "z", "origin": [7.26256, -10.03033, 8]},
			"faces": {
				"north": {"uv": [4.5, 2.5, 4.6875, 3.375], "texture": "#0"},
				"east": {"uv": [4.25, 4.75, 4.375, 5.625], "texture": "#0"},
				"south": {"uv": [3, 4.5, 3.1875, 5.375], "texture": "#0"},
				"west": {"uv": [5, 0, 5.125, 0.875], "texture": "#0"},
				"up": {"uv": [5.4375, 2.125, 5.25, 2], "texture": "#0"},
				"down": {"uv": [5.4375, 2.25, 5.25, 2.375], "texture": "#0"}
			}
		},
		{
			"from": [5.33809, -14.66686, 7.75],
			"to": [8.83809, -13.91686, 8.25],
			"rotation": {"angle": -22.5, "axis": "z", "origin": [7.58809, -14.16686, 8]},
			"faces": {
				"north": {"uv": [4.5, 3.5, 5.375, 3.6875], "texture": "#0"},
				"east": {"uv": [5.25, 2.5, 5.375, 2.6875], "texture": "#0"},
				"south": {"uv": [4.5, 3.75, 5.375, 3.9375], "texture": "#0"},
				"west": {"uv": [5.25, 2.75, 5.375, 2.9375], "texture": "#0"},
				"up": {"uv": [5.875, 1.125, 5, 1], "texture": "#0"},
				"down": {"uv": [5.875, 1.25, 5, 1.375], "texture": "#0"}
			}
		},
		{
			"from": [7.59619, -9.76641, 7.75],
			"to": [9.59619, -9.01641, 8.25],
			"rotation": {"angle": -22.5, "axis": "z", "origin": [8.84619, -9.51641, 8]},
			"faces": {
				"north": {"uv": [5, 1.5, 5.5, 1.6875], "texture": "#0"},
				"east": {"uv": [5.25, 3, 5.375, 3.1875], "texture": "#0"},
				"south": {"uv": [5, 1.75, 5.5, 1.9375], "texture": "#0"},
				"west": {"uv": [3.25, 5.25, 3.375, 5.4375], "texture": "#0"},
				"up": {"uv": [5, 5.125, 4.5, 5], "texture": "#0"},
				"down": {"uv": [5.5, 4.5, 5, 4.625], "texture": "#0"}
			}
		},
		{
			"from": [10.52279, -15.8201, 7.75],
			"to": [11.27279, -14.3201, 8.25],
			"rotation": {"angle": -45, "axis": "z", "origin": [10.77279, -12.17886, 8]},
			"faces": {
				"north": {"uv": [5, 2, 5.1875, 2.375], "texture": "#0"},
				"east": {"uv": [5.25, 0, 5.375, 0.375], "texture": "#0"},
				"south": {"uv": [5, 4, 5.1875, 4.375], "texture": "#0"},
				"west": {"uv": [5.25, 0.5, 5.375, 0.875], "texture": "#0"},
				"up": {"uv": [5.4375, 3.375, 5.25, 3.25], "texture": "#0"},
				"down": {"uv": [5.4375, 4, 5.25, 4.125], "texture": "#0"}
			}
		},
		{
			"from": [5.31802, -13.76777, 7.75],
			"to": [6.06802, -11.26777, 8.25],
			"rotation": {"angle": 0, "axis": "z", "origin": [5.81802, -13.34619, 8]},
			"faces": {
				"north": {"uv": [3.25, 4.5, 3.4375, 5.125], "texture": "#0"},
				"east": {"uv": [3.5, 5, 3.625, 5.625], "texture": "#0"},
				"south": {"uv": [4, 4.75, 4.1875, 5.375], "texture": "#0"},
				"west": {"uv": [3.75, 5, 3.875, 5.625], "texture": "#0"},
				"up": {"uv": [5.4375, 4.375, 5.25, 4.25], "texture": "#0"},
				"down": {"uv": [4.6875, 5.25, 4.5, 5.375], "texture": "#0"}
			}
		},
		{
			"from": [7.25, 12, 7.25],
			"to": [8.75, 21, 8.75],
			"rotation": {"angle": 0, "axis": "y", "origin": [7, -4.5, 7]},
			"faces": {
				"north": {"uv": [4.75, 5.25, 5.125, 7.5], "texture": "#0"},
				"east": {"uv": [5.25, 4.75, 5.625, 7], "texture": "#0"},
				"south": {"uv": [5.5, 1.5, 5.875, 3.75], "texture": "#0"},
				"west": {"uv": [3, 5.5, 3.375, 7.75], "texture": "#0"},
				"up": {"uv": [6.375, 3.875, 6, 3.5], "texture": "#0"},
				"down": {"uv": [6.375, 4, 6, 4.375], "texture": "#0"}
			}
		},
		{
			"from": [10.09099, 19.46796, 7.75],
			"to": [10.59099, 21.46796, 8.25],
			"rotation": {"angle": 45, "axis": "z", "origin": [10.34099, 18.96796, 7.5]},
			"faces": {
				"north": {"uv": [6.25, 6, 6.375, 6.5], "texture": "#0"},
				"east": {"uv": [6.5, 0, 6.625, 0.5], "texture": "#0"},
				"south": {"uv": [6.5, 0.5, 6.625, 1], "texture": "#0"},
				"west": {"uv": [6.5, 1, 6.625, 1.5], "texture": "#0"},
				"up": {"uv": [5.625, 4.625, 5.5, 4.5], "texture": "#0"},
				"down": {"uv": [6.625, 3.5, 6.5, 3.625], "texture": "#0"}
			}
		},
		{
			"from": [9.66421, 13.49829, 7.75],
			"to": [10.16421, 19.49829, 8.25],
			"rotation": {"angle": 0, "axis": "z", "origin": [9.91421, 16.99829, 7.5]},
			"faces": {
				"north": {"uv": [4, 5.5, 4.125, 7], "texture": "#0"},
				"east": {"uv": [4.5, 5.5, 4.625, 7], "texture": "#0"},
				"south": {"uv": [3.5, 5.75, 3.625, 7.25], "texture": "#0"},
				"west": {"uv": [3.75, 5.75, 3.875, 7.25], "texture": "#0"},
				"up": {"uv": [6.625, 3.875, 6.5, 3.75], "texture": "#0"},
				"down": {"uv": [6.625, 4, 6.5, 4.125], "texture": "#0"}
			}
		},
		{
			"from": [12.21231, 10.14994, 7.75],
			"to": [12.71231, 12.64994, 8.25],
			"rotation": {"angle": -45, "axis": "z", "origin": [12.46231, 16.14994, 7.5]},
			"faces": {
				"north": {"uv": [5.5, 3.75, 5.625, 4.375], "texture": "#0"},
				"east": {"uv": [6, 4.5, 6.125, 5.125], "texture": "#0"},
				"south": {"uv": [6, 5.25, 6.125, 5.875], "texture": "#0"},
				"west": {"uv": [6, 6, 6.125, 6.625], "texture": "#0"},
				"up": {"uv": [6.625, 4.375, 6.5, 4.25], "texture": "#0"},
				"down": {"uv": [6.625, 4.5, 6.5, 4.625], "texture": "#0"}
			}
		},
		{
			"from": [3.28769, 10.14994, 7.75],
			"to": [3.78769, 12.64994, 8.25],
			"rotation": {"angle": 45, "axis": "z", "origin": [3.53769, 16.14994, 7.5]},
			"faces": {
				"north": {"uv": [6.25, 0, 6.375, 0.625], "texture": "#0"},
				"east": {"uv": [6.25, 0.75, 6.375, 1.375], "texture": "#0"},
				"south": {"uv": [6.25, 4.5, 6.375, 5.125], "texture": "#0"},
				"west": {"uv": [6.25, 5.25, 6.375, 5.875], "texture": "#0"},
				"up": {"uv": [6.625, 4.875, 6.5, 4.75], "texture": "#0"},
				"down": {"uv": [6.625, 5, 6.5, 5.125], "texture": "#0"}
			}
		},
		{
			"from": [5.83579, 13.49829, 7.75],
			"to": [6.33579, 19.49829, 8.25],
			"rotation": {"angle": 0, "axis": "z", "origin": [6.08579, 16.99829, 7.5]},
			"faces": {
				"north": {"uv": [5.75, 3.75, 5.875, 5.25], "texture": "#0"},
				"east": {"uv": [4.25, 5.75, 4.375, 7.25], "texture": "#0"},
				"south": {"uv": [5.75, 5.25, 5.875, 6.75], "texture": "#0"},
				"west": {"uv": [6, 0, 6.125, 1.5], "texture": "#0"},
				"up": {"uv": [6.625, 5.375, 6.5, 5.25], "texture": "#0"},
				"down": {"uv": [6.625, 5.5, 6.5, 5.625], "texture": "#0"}
			}
		},
		{
			"from": [5.40901, 19.46796, 7.75],
			"to": [5.90901, 21.46796, 8.25],
			"rotation": {"angle": -45, "axis": "z", "origin": [5.65901, 18.96796, 7.5]},
			"faces": {
				"north": {"uv": [6.5, 1.5, 6.625, 2], "texture": "#0"},
				"east": {"uv": [6.5, 2, 6.625, 2.5], "texture": "#0"},
				"south": {"uv": [6.5, 2.5, 6.625, 3], "texture": "#0"},
				"west": {"uv": [6.5, 3, 6.625, 3.5], "texture": "#0"},
				"up": {"uv": [6.625, 5.875, 6.5, 5.75], "texture": "#0"},
				"down": {"uv": [6.625, 6, 6.5, 6.125], "texture": "#0"}
			}
		},
		{
			"from": [7.25, -1, 7.25],
			"to": [8.75, 4, 8.75],
			"rotation": {"angle": 0, "axis": "y", "origin": [7, -4.5, 7]},
			"faces": {
				"north": {"uv": [3.5, 3.75, 3.875, 5], "texture": "#0"},
				"east": {"uv": [4, 0, 4.375, 1.25], "texture": "#0"},
				"south": {"uv": [4, 1.25, 4.375, 2.5], "texture": "#0"},
				"west": {"uv": [4, 2.5, 4.375, 3.75], "texture": "#0"},
				"up": {"uv": [5.125, 2.875, 4.75, 2.5], "texture": "#0"},
				"down": {"uv": [5.125, 3, 4.75, 3.375], "texture": "#0"}
			}
		},
		{
			"from": [7.25, -9, 7.25],
			"to": [8.75, -7.5, 8.75],
			"rotation": {"angle": 0, "axis": "y", "origin": [7, -4.5, 7]},
			"faces": {
				"north": {"uv": [5.5, 0, 5.875, 0.375], "texture": "#0"},
				"east": {"uv": [5.5, 0.5, 5.875, 0.875], "texture": "#0"},
				"south": {"uv": [6, 1.5, 6.375, 1.875], "texture": "#0"},
				"west": {"uv": [6, 2, 6.375, 2.375], "texture": "#0"},
				"up": {"uv": [6.375, 2.875, 6, 2.5], "texture": "#0"},
				"down": {"uv": [6.375, 3, 6, 3.375], "texture": "#0"}
			}
		},
		{
			"from": [7.5, -9.5, 7.5],
			"to": [8.5, 21, 8.5],
			"rotation": {"angle": 0, "axis": "y", "origin": [7, -4.5, 7]},
			"faces": {
				"north": {"uv": [2, 2.75, 2.25, 10.375], "texture": "#0"},
				"east": {"uv": [2.25, 2.75, 2.5, 10.375], "texture": "#0"},
				"south": {"uv": [2.5, 2.75, 2.75, 10.375], "texture": "#0"},
				"west": {"uv": [2.75, 2.75, 3, 10.375], "texture": "#0"},
				"up": {"uv": [5.25, 5, 5, 4.75], "texture": "#0"},
				"down": {"uv": [5.25, 5, 5, 5.25], "texture": "#0"}
			}
		},
		{
			"name": "swirls",
			"from": [7, -9.5, 7],
			"to": [7, 21, 9],
			"rotation": {"angle": 0, "axis": "y", "origin": [7, -4.5, 7]},
			"faces": {
				"north": {"uv": [0, 0, 0, 7.625], "texture": "#0"},
				"east": {"uv": [5.75, 7, 6.25, 14.625], "texture": "#0"},
				"south": {"uv": [0, 0, 0, 7.625], "texture": "#0"},
				"west": {"uv": [6.25, 7, 6.75, 14.625], "texture": "#0"},
				"up": {"uv": [0, 0.5, 0, 0], "texture": "#0"},
				"down": {"uv": [0, 0, 0, 0.5], "texture": "#0"}
			}
		},
		{
			"name": "swirls",
			"from": [7, -9.5, 9],
			"to": [9, 21, 9],
			"rotation": {"angle": 0, "axis": "y", "origin": [7, -4.5, 7]},
			"faces": {
				"north": {"uv": [7, 3.25, 7.5, 10.875], "texture": "#0"},
				"south": {"uv": [5.25, 7, 5.75, 14.625], "texture": "#0"}
			}
		},
		{
			"name": "swirls",
			"from": [9, -9.5, 7],
			"to": [9, 21, 9],
			"rotation": {"angle": 0, "axis": "y", "origin": [7, -4.5, 7]},
			"faces": {
				"north": {"uv": [0, 0, 0, 7.625], "texture": "#0"},
				"east": {"uv": [3.5, 7.25, 4, 14.875], "texture": "#0"},
				"south": {"uv": [0, 0, 0, 7.625], "texture": "#0"},
				"west": {"uv": [4, 7.25, 4.5, 14.875], "texture": "#0"},
				"up": {"uv": [0, 0.5, 0, 0], "texture": "#0"},
				"down": {"uv": [0, 0, 0, 0.5], "texture": "#0"}
			}
		},
		{
			"name": "swirls",
			"from": [7, -9.5, 7],
			"to": [9, 21, 7],
			"rotation": {"angle": 0, "axis": "y", "origin": [7, -4.5, 7]},
			"faces": {
				"north": {"uv": [0, 2.75, 0.5, 10.375], "texture": "#0"},
				"east": {"uv": [0.5, 2.75, 1, 10.375], "texture": "#0"},
				"south": {"uv": [1, 2.75, 1.5, 10.375], "texture": "#0"},
				"west": {"uv": [1.5, 2.75, 2, 10.375], "texture": "#0"},
				"up": {"uv": [5, 2, 4.5, 1.5], "texture": "#0"},
				"down": {"uv": [5, 2, 4.5, 2.5], "texture": "#0"}
			}
		},
		{
			"name": "hexadecagon",
			"from": [7.50272, -8.75, 5.5],
			"to": [8.49728, -7.75, 5.5],
			"rotation": {"angle": -45, "axis": "y", "origin": [8, -8.25, 8]},
			"faces": {
				"north": {"uv": [6.75, 1.5, 7, 1.75], "texture": "#0"},
				"east": {"uv": [0, 0, 0, 0.25], "texture": "#0"},
				"south": {"uv": [6.75, 1.75, 7, 2], "texture": "#0"},
				"west": {"uv": [0, 0, 0, 0.25], "texture": "#0"},
				"up": {"uv": [0.25, 0, 0, 0], "texture": "#0"},
				"down": {"uv": [0.25, 0, 0, 0], "texture": "#0"}
			}
		},
		{
			"name": "hexadecagon",
			"from": [7.50272, -8.75, 5.5],
			"to": [8.49728, -7.75, 5.5],
			"rotation": {"angle": -22.5, "axis": "y", "origin": [8, -8.25, 8]},
			"faces": {
				"north": {"uv": [6.75, 2, 7, 2.25], "texture": "#0"},
				"east": {"uv": [0, 0, 0, 0.25], "texture": "#0"},
				"south": {"uv": [6.75, 2.25, 7, 2.5], "texture": "#0"},
				"west": {"uv": [0, 0, 0, 0.25], "texture": "#0"},
				"up": {"uv": [0.25, 0, 0, 0], "texture": "#0"},
				"down": {"uv": [0.25, 0, 0, 0], "texture": "#0"}
			}
		},
		{
			"name": "hexadecagon",
			"from": [7.50272, -8.75, 5.5],
			"to": [8.49728, -7.75, 5.5],
			"rotation": {"angle": 0, "axis": "y", "origin": [8, -8.25, 8]},
			"faces": {
				"north": {"uv": [6.75, 2.5, 7, 2.75], "texture": "#0"},
				"east": {"uv": [0, 0, 0, 0.25], "texture": "#0"},
				"south": {"uv": [6.75, 2.75, 7, 3], "texture": "#0"},
				"west": {"uv": [0, 0, 0, 0.25], "texture": "#0"},
				"up": {"uv": [0.25, 0, 0, 0], "texture": "#0"},
				"down": {"uv": [0.25, 0, 0, 0], "texture": "#0"}
			}
		},
		{
			"name": "hexadecagon",
			"from": [7.50272, -8.75, 5.5],
			"to": [8.49728, -7.75, 5.5],
			"rotation": {"angle": 22.5, "axis": "y", "origin": [8, -8.25, 8]},
			"faces": {
				"north": {"uv": [6.75, 3, 7, 3.25], "texture": "#0"},
				"east": {"uv": [0, 0, 0, 0.25], "texture": "#0"},
				"south": {"uv": [6.75, 3.25, 7, 3.5], "texture": "#0"},
				"west": {"uv": [0, 0, 0, 0.25], "texture": "#0"},
				"up": {"uv": [0.25, 0, 0, 0], "texture": "#0"},
				"down": {"uv": [0.25, 0, 0, 0], "texture": "#0"}
			}
		},
		{
			"name": "hexadecagon",
			"from": [7.50272, -8.75, 5.5],
			"to": [8.49728, -7.75, 5.5],
			"rotation": {"angle": 45, "axis": "y", "origin": [8, -8.25, 8]},
			"faces": {
				"north": {"uv": [6.75, 3.5, 7, 3.75], "texture": "#0"},
				"east": {"uv": [0, 0, 0, 0.25], "texture": "#0"},
				"south": {"uv": [6.75, 3.75, 7, 4], "texture": "#0"},
				"west": {"uv": [0, 0, 0, 0.25], "texture": "#0"},
				"up": {"uv": [0.25, 0, 0, 0], "texture": "#0"},
				"down": {"uv": [0.25, 0, 0, 0], "texture": "#0"}
			}
		},
		{
			"name": "hexadecagon",
			"from": [7.50272, -8.75, 10.5],
			"to": [8.49728, -7.75, 10.5],
			"rotation": {"angle": -45, "axis": "y", "origin": [8, -8.25, 8]},
			"faces": {
				"north": {"uv": [6.75, 4, 7, 4.25], "texture": "#0"},
				"east": {"uv": [0, 0, 0, 0.25], "texture": "#0"},
				"south": {"uv": [6.75, 4.25, 7, 4.5], "texture": "#0"},
				"west": {"uv": [0, 0, 0, 0.25], "texture": "#0"},
				"up": {"uv": [0.25, 0, 0, 0], "texture": "#0"},
				"down": {"uv": [0.25, 0, 0, 0], "texture": "#0"}
			}
		},
		{
			"name": "hexadecagon",
			"from": [7.50272, -8.75, 10.5],
			"to": [8.49728, -7.75, 10.5],
			"rotation": {"angle": -22.5, "axis": "y", "origin": [8, -8.25, 8]},
			"faces": {
				"north": {"uv": [6.75, 4.5, 7, 4.75], "texture": "#0"},
				"east": {"uv": [0, 0, 0, 0.25], "texture": "#0"},
				"south": {"uv": [6.75, 4.75, 7, 5], "texture": "#0"},
				"west": {"uv": [0, 0, 0, 0.25], "texture": "#0"},
				"up": {"uv": [0.25, 0, 0, 0], "texture": "#0"},
				"down": {"uv": [0.25, 0, 0, 0], "texture": "#0"}
			}
		},
		{
			"name": "hexadecagon",
			"from": [7.50272, -8.75, 10.5],
			"to": [8.49728, -7.75, 10.5],
			"rotation": {"angle": 0, "axis": "y", "origin": [8, -8.25, 8]},
			"faces": {
				"north": {"uv": [6.75, 5, 7, 5.25], "texture": "#0"},
				"east": {"uv": [0, 0, 0, 0.25], "texture": "#0"},
				"south": {"uv": [6.75, 5.25, 7, 5.5], "texture": "#0"},
				"west": {"uv": [0, 0, 0, 0.25], "texture": "#0"},
				"up": {"uv": [0.25, 0, 0, 0], "texture": "#0"},
				"down": {"uv": [0.25, 0, 0, 0], "texture": "#0"}
			}
		},
		{
			"name": "hexadecagon",
			"from": [7.50272, -8.75, 10.5],
			"to": [8.49728, -7.75, 10.5],
			"rotation": {"angle": 22.5, "axis": "y", "origin": [8, -8.25, 8]},
			"faces": {
				"north": {"uv": [6.75, 5.5, 7, 5.75], "texture": "#0"},
				"east": {"uv": [0, 0, 0, 0.25], "texture": "#0"},
				"south": {"uv": [5.75, 6.75, 6, 7], "texture": "#0"},
				"west": {"uv": [0, 0, 0, 0.25], "texture": "#0"},
				"up": {"uv": [0.25, 0, 0, 0], "texture": "#0"},
				"down": {"uv": [0.25, 0, 0, 0], "texture": "#0"}
			}
		},
		{
			"name": "hexadecagon",
			"from": [7.50272, -8.75, 10.5],
			"to": [8.49728, -7.75, 10.5],
			"rotation": {"angle": 45, "axis": "y", "origin": [8, -8.25, 8]},
			"faces": {
				"north": {"uv": [6.75, 5.75, 7, 6], "texture": "#0"},
				"east": {"uv": [0, 0, 0, 0.25], "texture": "#0"},
				"south": {"uv": [6, 6.75, 6.25, 7], "texture": "#0"},
				"west": {"uv": [0, 0, 0, 0.25], "texture": "#0"},
				"up": {"uv": [0.25, 0, 0, 0], "texture": "#0"},
				"down": {"uv": [0.25, 0, 0, 0], "texture": "#0"}
			}
		},
		{
			"name": "hexadecagon",
			"from": [5.5, -8.75, 7.50272],
			"to": [5.5, -7.75, 8.49728],
			"rotation": {"angle": -22.5, "axis": "y", "origin": [8, -8.25, 8]},
			"faces": {
				"north": {"uv": [0, 0, 0, 0.25], "texture": "#0"},
				"east": {"uv": [6.75, 6, 7, 6.25], "texture": "#0"},
				"south": {"uv": [0, 0, 0, 0.25], "texture": "#0"},
				"west": {"uv": [6.25, 6.75, 6.5, 7], "texture": "#0"},
				"up": {"uv": [0, 0.25, 0, 0], "texture": "#0"},
				"down": {"uv": [0, 0, 0, 0.25], "texture": "#0"}
			}
		},
		{
			"name": "hexadecagon",
			"from": [5.5, -8.75, 7.50272],
			"to": [5.5, -7.75, 8.49728],
			"rotation": {"angle": 0, "axis": "y", "origin": [8, -8.25, 8]},
			"faces": {
				"north": {"uv": [0, 0, 0, 0.25], "texture": "#0"},
				"east": {"uv": [6.5, 6.75, 6.75, 7], "texture": "#0"},
				"south": {"uv": [0, 0, 0, 0.25], "texture": "#0"},
				"west": {"uv": [6.75, 6.5, 7, 6.75], "texture": "#0"},
				"up": {"uv": [0, 0.25, 0, 0], "texture": "#0"},
				"down": {"uv": [0, 0, 0, 0.25], "texture": "#0"}
			}
		},
		{
			"name": "hexadecagon",
			"from": [5.5, -8.75, 7.50272],
			"to": [5.5, -7.75, 8.49728],
			"rotation": {"angle": 22.5, "axis": "y", "origin": [8, -8.25, 8]},
			"faces": {
				"north": {"uv": [0, 0, 0, 0.25], "texture": "#0"},
				"east": {"uv": [6.75, 6.75, 7, 7], "texture": "#0"},
				"south": {"uv": [0, 0, 0, 0.25], "texture": "#0"},
				"west": {"uv": [7, 1.5, 7.25, 1.75], "texture": "#0"},
				"up": {"uv": [0, 0.25, 0, 0], "texture": "#0"},
				"down": {"uv": [0, 0, 0, 0.25], "texture": "#0"}
			}
		},
		{
			"name": "hexadecagon",
			"from": [10.5, -8.75, 7.50272],
			"to": [10.5, -7.75, 8.49728],
			"rotation": {"angle": -22.5, "axis": "y", "origin": [8, -8.25, 8]},
			"faces": {
				"north": {"uv": [0, 0, 0, 0.25], "texture": "#0"},
				"east": {"uv": [7, 1.75, 7.25, 2], "texture": "#0"},
				"south": {"uv": [0, 0, 0, 0.25], "texture": "#0"},
				"west": {"uv": [7, 2, 7.25, 2.25], "texture": "#0"},
				"up": {"uv": [0, 0.25, 0, 0], "texture": "#0"},
				"down": {"uv": [0, 0, 0, 0.25], "texture": "#0"}
			}
		},
		{
			"name": "hexadecagon",
			"from": [10.5, -8.75, 7.50272],
			"to": [10.5, -7.75, 8.49728],
			"rotation": {"angle": 0, "axis": "y", "origin": [8, -8.25, 8]},
			"faces": {
				"north": {"uv": [0, 0, 0, 0.25], "texture": "#0"},
				"east": {"uv": [7, 2.25, 7.25, 2.5], "texture": "#0"},
				"south": {"uv": [0, 0, 0, 0.25], "texture": "#0"},
				"west": {"uv": [7, 2.5, 7.25, 2.75], "texture": "#0"},
				"up": {"uv": [0, 0.25, 0, 0], "texture": "#0"},
				"down": {"uv": [0, 0, 0, 0.25], "texture": "#0"}
			}
		},
		{
			"name": "hexadecagon",
			"from": [10.5, -8.75, 7.50272],
			"to": [10.5, -7.75, 8.49728],
			"rotation": {"angle": 22.5, "axis": "y", "origin": [8, -8.25, 8]},
			"faces": {
				"north": {"uv": [0, 0, 0, 0.25], "texture": "#0"},
				"east": {"uv": [7, 2.75, 7.25, 3], "texture": "#0"},
				"south": {"uv": [0, 0, 0, 0.25], "texture": "#0"},
				"west": {"uv": [7, 3, 7.25, 3.25], "texture": "#0"},
				"up": {"uv": [0, 0.25, 0, 0], "texture": "#0"},
				"down": {"uv": [0, 0, 0, 0.25], "texture": "#0"}
			}
		},
		{
			"name": "hexadecagon",
			"from": [7.10489, -12.5, 3.5],
			"to": [8.89511, -11.5, 3.5],
			"rotation": {"angle": -45, "axis": "y", "origin": [8, -12, 8]},
			"faces": {
				"north": {"uv": [3, 2.75, 3.4375, 3], "texture": "#0"},
				"east": {"uv": [0, 0, 0, 0.25], "texture": "#0"},
				"south": {"uv": [3, 3, 3.4375, 3.25], "texture": "#0"},
				"west": {"uv": [0, 0, 0, 0.25], "texture": "#0"},
				"up": {"uv": [0.4375, 0, 0, 0], "texture": "#0"},
				"down": {"uv": [0.4375, 0, 0, 0], "texture": "#0"}
			}
		},
		{
			"name": "hexadecagon",
			"from": [7.10489, -12.5, 3.5],
			"to": [8.89511, -11.5, 3.5],
			"rotation": {"angle": -22.5, "axis": "y", "origin": [8, -12, 8]},
			"faces": {
				"north": {"uv": [3, 3.25, 3.4375, 3.5], "texture": "#0"},
				"east": {"uv": [0, 0, 0, 0.25], "texture": "#0"},
				"south": {"uv": [3.5, 0, 3.9375, 0.25], "texture": "#0"},
				"west": {"uv": [0, 0, 0, 0.25], "texture": "#0"},
				"up": {"uv": [0.4375, 0, 0, 0], "texture": "#0"},
				"down": {"uv": [0.4375, 0, 0, 0], "texture": "#0"}
			}
		},
		{
			"name": "hexadecagon",
			"from": [7.10489, -12.5, 3.5],
			"to": [8.89511, -11.5, 3.5],
			"rotation": {"angle": 0, "axis": "y", "origin": [8, -12, 8]},
			"faces": {
				"north": {"uv": [3.5, 0.25, 3.9375, 0.5], "texture": "#0"},
				"east": {"uv": [0, 0, 0, 0.25], "texture": "#0"},
				"south": {"uv": [3.5, 0.5, 3.9375, 0.75], "texture": "#0"},
				"west": {"uv": [0, 0, 0, 0.25], "texture": "#0"},
				"up": {"uv": [0.4375, 0, 0, 0], "texture": "#0"},
				"down": {"uv": [0.4375, 0, 0, 0], "texture": "#0"}
			}
		},
		{
			"name": "hexadecagon",
			"from": [7.10489, -12.5, 3.5],
			"to": [8.89511, -11.5, 3.5],
			"rotation": {"angle": 22.5, "axis": "y", "origin": [8, -12, 8]},
			"faces": {
				"north": {"uv": [3.5, 0.75, 3.9375, 1], "texture": "#0"},
				"east": {"uv": [0, 0, 0, 0.25], "texture": "#0"},
				"south": {"uv": [3.5, 1, 3.9375, 1.25], "texture": "#0"},
				"west": {"uv": [0, 0, 0, 0.25], "texture": "#0"},
				"up": {"uv": [0.4375, 0, 0, 0], "texture": "#0"},
				"down": {"uv": [0.4375, 0, 0, 0], "texture": "#0"}
			}
		},
		{
			"name": "hexadecagon",
			"from": [7.10489, -12.5, 3.5],
			"to": [8.89511, -11.5, 3.5],
			"rotation": {"angle": 45, "axis": "y", "origin": [8, -12, 8]},
			"faces": {
				"north": {"uv": [3.5, 1.25, 3.9375, 1.5], "texture": "#0"},
				"east": {"uv": [0, 0, 0, 0.25], "texture": "#0"},
				"south": {"uv": [3.5, 1.5, 3.9375, 1.75], "texture": "#0"},
				"west": {"uv": [0, 0, 0, 0.25], "texture": "#0"},
				"up": {"uv": [0.4375, 0, 0, 0], "texture": "#0"},
				"down": {"uv": [0.4375, 0, 0, 0], "texture": "#0"}
			}
		},
		{
			"name": "hexadecagon",
			"from": [7.10489, -12.5, 12.5],
			"to": [8.89511, -11.5, 12.5],
			"rotation": {"angle": -45, "axis": "y", "origin": [8, -12, 8]},
			"faces": {
				"north": {"uv": [3.5, 1.75, 3.9375, 2], "texture": "#0"},
				"east": {"uv": [0, 0, 0, 0.25], "texture": "#0"},
				"south": {"uv": [3.5, 2, 3.9375, 2.25], "texture": "#0"},
				"west": {"uv": [0, 0, 0, 0.25], "texture": "#0"},
				"up": {"uv": [0.4375, 0, 0, 0], "texture": "#0"},
				"down": {"uv": [0.4375, 0, 0, 0], "texture": "#0"}
			}
		},
		{
			"name": "hexadecagon",
			"from": [7.10489, -12.5, 12.5],
			"to": [8.89511, -11.5, 12.5],
			"rotation": {"angle": -22.5, "axis": "y", "origin": [8, -12, 8]},
			"faces": {
				"north": {"uv": [3.5, 2.25, 3.9375, 2.5], "texture": "#0"},
				"east": {"uv": [0, 0, 0, 0.25], "texture": "#0"},
				"south": {"uv": [3.5, 2.5, 3.9375, 2.75], "texture": "#0"},
				"west": {"uv": [0, 0, 0, 0.25], "texture": "#0"},
				"up": {"uv": [0.4375, 0, 0, 0], "texture": "#0"},
				"down": {"uv": [0.4375, 0, 0, 0], "texture": "#0"}
			}
		},
		{
			"name": "hexadecagon",
			"from": [7.10489, -12.5, 12.5],
			"to": [8.89511, -11.5, 12.5],
			"rotation": {"angle": 0, "axis": "y", "origin": [8, -12, 8]},
			"faces": {
				"north": {"uv": [3.5, 2.75, 3.9375, 3], "texture": "#0"},
				"east": {"uv": [0, 0, 0, 0.25], "texture": "#0"},
				"south": {"uv": [3, 3.5, 3.4375, 3.75], "texture": "#0"},
				"west": {"uv": [0, 0, 0, 0.25], "texture": "#0"},
				"up": {"uv": [0.4375, 0, 0, 0], "texture": "#0"},
				"down": {"uv": [0.4375, 0, 0, 0], "texture": "#0"}
			}
		},
		{
			"name": "hexadecagon",
			"from": [7.10489, -12.5, 12.5],
			"to": [8.89511, -11.5, 12.5],
			"rotation": {"angle": 22.5, "axis": "y", "origin": [8, -12, 8]},
			"faces": {
				"north": {"uv": [3.5, 3, 3.9375, 3.25], "texture": "#0"},
				"east": {"uv": [0, 0, 0, 0.25], "texture": "#0"},
				"south": {"uv": [3.5, 3.25, 3.9375, 3.5], "texture": "#0"},
				"west": {"uv": [0, 0, 0, 0.25], "texture": "#0"},
				"up": {"uv": [0.4375, 0, 0, 0], "texture": "#0"},
				"down": {"uv": [0.4375, 0, 0, 0], "texture": "#0"}
			}
		},
		{
			"name": "hexadecagon",
			"from": [7.10489, -12.5, 12.5],
			"to": [8.89511, -11.5, 12.5],
			"rotation": {"angle": 45, "axis": "y", "origin": [8, -12, 8]},
			"faces": {
				"north": {"uv": [3.5, 3.5, 3.9375, 3.75], "texture": "#0"},
				"east": {"uv": [0, 0, 0, 0.25], "texture": "#0"},
				"south": {"uv": [3, 3.75, 3.4375, 4], "texture": "#0"},
				"west": {"uv": [0, 0, 0, 0.25], "texture": "#0"},
				"up": {"uv": [0.4375, 0, 0, 0], "texture": "#0"},
				"down": {"uv": [0.4375, 0, 0, 0], "texture": "#0"}
			}
		},
		{
			"name": "hexadecagon",
			"from": [3.5, -12.5, 7.10489],
			"to": [3.5, -11.5, 8.89511],
			"rotation": {"angle": -22.5, "axis": "y", "origin": [8, -12, 8]},
			"faces": {
				"north": {"uv": [0, 0, 0, 0.25], "texture": "#0"},
				"east": {"uv": [4.5, 4, 4.9375, 4.25], "texture": "#0"},
				"south": {"uv": [0, 0, 0, 0.25], "texture": "#0"},
				"west": {"uv": [4.5, 4.25, 4.9375, 4.5], "texture": "#0"},
				"up": {"uv": [0, 0.4375, 0, 0], "texture": "#0"},
				"down": {"uv": [0, 0, 0, 0.4375], "texture": "#0"}
			}
		},
		{
			"name": "hexadecagon",
			"from": [3.5, -12.5, 7.10489],
			"to": [3.5, -11.5, 8.89511],
			"rotation": {"angle": 0, "axis": "y", "origin": [8, -12, 8]},
			"faces": {
				"north": {"uv": [0, 0, 0, 0.25], "texture": "#0"},
				"east": {"uv": [4.5, 4.5, 4.9375, 4.75], "texture": "#0"},
				"south": {"uv": [0, 0, 0, 0.25], "texture": "#0"},
				"west": {"uv": [4.5, 4.75, 4.9375, 5], "texture": "#0"},
				"up": {"uv": [0, 0.4375, 0, 0], "texture": "#0"},
				"down": {"uv": [0, 0, 0, 0.4375], "texture": "#0"}
			}
		},
		{
			"name": "hexadecagon",
			"from": [3.5, -12.5, 7.10489],
			"to": [3.5, -11.5, 8.89511],
			"rotation": {"angle": 22.5, "axis": "y", "origin": [8, -12, 8]},
			"faces": {
				"north": {"uv": [0, 0, 0, 0.25], "texture": "#0"},
				"east": {"uv": [6.25, 6.5, 6.6875, 6.75], "texture": "#0"},
				"south": {"uv": [0, 0, 0, 0.25], "texture": "#0"},
				"west": {"uv": [6.5, 6.25, 6.9375, 6.5], "texture": "#0"},
				"up": {"uv": [0, 0.4375, 0, 0], "texture": "#0"},
				"down": {"uv": [0, 0, 0, 0.4375], "texture": "#0"}
			}
		},
		{
			"name": "hexadecagon",
			"from": [12.5, -12.5, 7.10489],
			"to": [12.5, -11.5, 8.89511],
			"rotation": {"angle": -22.5, "axis": "y", "origin": [8, -12, 8]},
			"faces": {
				"north": {"uv": [0, 0, 0, 0.25], "texture": "#0"},
				"east": {"uv": [6.75, 0, 7.1875, 0.25], "texture": "#0"},
				"south": {"uv": [0, 0, 0, 0.25], "texture": "#0"},
				"west": {"uv": [6.75, 0.25, 7.1875, 0.5], "texture": "#0"},
				"up": {"uv": [0, 0.4375, 0, 0], "texture": "#0"},
				"down": {"uv": [0, 0, 0, 0.4375], "texture": "#0"}
			}
		},
		{
			"name": "hexadecagon",
			"from": [12.5, -12.5, 7.10489],
			"to": [12.5, -11.5, 8.89511],
			"rotation": {"angle": 0, "axis": "y", "origin": [8, -12, 8]},
			"faces": {
				"north": {"uv": [0, 0, 0, 0.25], "texture": "#0"},
				"east": {"uv": [6.75, 0.5, 7.1875, 0.75], "texture": "#0"},
				"south": {"uv": [0, 0, 0, 0.25], "texture": "#0"},
				"west": {"uv": [6.75, 0.75, 7.1875, 1], "texture": "#0"},
				"up": {"uv": [0, 0.4375, 0, 0], "texture": "#0"},
				"down": {"uv": [0, 0, 0, 0.4375], "texture": "#0"}
			}
		},
		{
			"name": "hexadecagon",
			"from": [12.5, -12.5, 7.10489],
			"to": [12.5, -11.5, 8.89511],
			"rotation": {"angle": 22.5, "axis": "y", "origin": [8, -12, 8]},
			"faces": {
				"north": {"uv": [0, 0, 0, 0.25], "texture": "#0"},
				"east": {"uv": [6.75, 1, 7.1875, 1.25], "texture": "#0"},
				"south": {"uv": [0, 0, 0, 0.25], "texture": "#0"},
				"west": {"uv": [6.75, 1.25, 7.1875, 1.5], "texture": "#0"},
				"up": {"uv": [0, 0.4375, 0, 0], "texture": "#0"},
				"down": {"uv": [0, 0, 0, 0.4375], "texture": "#0"}
			}
		}
	],
	"display": {
		"thirdperson_righthand": {
			"rotation": [0, 90, 0],
			"translation": [0, 1, 1],
			"scale": [1.3, 1.3, 1.3]
		},
		"firstperson_righthand": {
			"rotation": [0, -90, 25],
			"translation": [1.13, 3.2, 1.13],
			"scale": [0.68, 0.68, 0.68]
		},
		"firstperson_lefthand": {
			"rotation": [0, -90, 25],
			"translation": [1.13, 3.2, 1.13],
			"scale": [0.68, 0.68, 0.68]
		},
		"ground": {
			"rotation": [0, 0, 30],
			"translation": [0, 24.5, 0],
			"scale": [1.3, 1.3, 1.3]
		},
		"gui": {
			"rotation": [-20.4, -18.36, -48.14],
			"scale": [0.48, 0.48, 0.48]
		},
		"head": {
			"rotation": [-90, 0, 0],
			"translation": [0, -3, -3.75],
			"scale": [2.08, 2.08, 2.08]
		},
		"fixed": {
			"scale": [0.4, 0.4, 0.4]
		}
	},
	"groups": [
		{
			"name": "all",
			"origin": [8, 8, 8],
			"color": 0,
			"nbt": "{}",
			"armAnimationEnabled": false,
			"children": [
				0,
				1,
				{
					"name": "claw",
					"origin": [5.81802, -13.34619, 8],
					"color": 0,
					"nbt": "{}",
					"armAnimationEnabled": false,
					"children": [2, 3, 4, 5, 6]
				},
				{
					"name": "rod",
					"origin": [7, -4.5, 7],
					"color": 0,
					"nbt": "{}",
					"armAnimationEnabled": false,
					"children": [
						{
							"name": "group",
							"origin": [5.65901, 18.96796, 7.5],
							"color": 0,
							"nbt": "{}",
							"armAnimationEnabled": false,
							"children": [7, 8, 9, 10, 11, 12, 13]
						},
						14,
						15,
						16
					]
				},
				{
					"name": "swirls",
					"origin": [7, -4.5, 7],
					"color": 0,
					"nbt": "{}",
					"armAnimationEnabled": false,
					"children": [17, 18, 19, 20]
				},
				{
					"name": "smallring",
					"origin": [16, 8, 16],
					"color": 0,
					"nbt": "{}",
					"armAnimationEnabled": false,
					"children": [21, 22, 23, 24, 25, 26, 27, 28, 29, 30, 31, 32, 33, 34, 35, 36]
				},
				{
					"name": "bigring",
					"origin": [16, 8, 16],
					"color": 0,
					"nbt": "{}",
					"armAnimationEnabled": false,
					"children": [37, 38, 39, 40, 41, 42, 43, 44, 45, 46, 47, 48, 49, 50, 51, 52]
				}
			]
		}
	]
}