{
	"__credit": "Generated using Animated Java (https://animated-java.dev/)",
	"textures": {
		"3": "nyctocosm:sorcerer/sorcerer32"
	},
	"elements": [
		{
			"faces": {
				"north": {"uv": [0, 1.875, 1.5, 3.5625], "texture": "#3"},
				"east": {"uv": [8, 10, 8.125, 11.6875], "texture": "#3"},
				"south": {"uv": [1.5, 1.875, 3, 3.5625], "texture": "#3"},
				"west": {"uv": [8.125, 10, 8.25, 11.6875], "texture": "#3"},
				"up": {"uv": [11.375, 6.875, 9.875, 6.75], "texture": "#3"},
				"down": {"uv": [11.5, 9.125, 10, 9.25], "texture": "#3"}
			},
			"to": [10.4, 5.1, 8.2],
			"from": [5.6, -0.3, 7.8],
			"rotation": {"angle": 0, "axis": "y", "origin": [8, 15.9, 6.8]}
		},
		{
			"faces": {
				"north": {"uv": [8.25, 10, 8.375, 11.6875], "texture": "#3"},
				"east": {"uv": [1.375, 9.125, 1.5625, 10.8125], "texture": "#3"},
				"south": {"uv": [8.375, 10, 8.5, 11.6875], "texture": "#3"},
				"west": {"uv": [2.25, 9.125, 2.4375, 10.8125], "texture": "#3"},
				"up": {"uv": [9, 3.3125, 8.875, 3.125], "texture": "#3"},
				"down": {"uv": [9.125, 9.125, 9, 9.3125], "texture": "#3"}
			},
			"to": [6, 5.1, 7.8],
			"from": [5.6, -0.3, 7.2],
			"rotation": {"angle": 0, "axis": "y", "origin": [8, 15.9, 6.8]}
		},
		{
			"faces": {
				"north": {"uv": [9, 10, 9.125, 11.6875], "texture": "#3"},
				"east": {"uv": [2.5, 9.125, 2.6875, 10.8125], "texture": "#3"},
				"south": {"uv": [9.125, 10, 9.25, 11.6875], "texture": "#3"},
				"west": {"uv": [6.875, 9.125, 7.0625, 10.8125], "texture": "#3"},
				"up": {"uv": [6, 9.8125, 5.875, 9.625], "texture": "#3"},
				"down": {"uv": [6.125, 9.625, 6, 9.8125], "texture": "#3"}
			},
			"to": [10.4, 5.1, 7.8],
			"from": [10, -0.3, 7.2],
			"rotation": {"angle": 0, "axis": "y", "origin": [8, 15.9, 6.8]}
		}
	],
	"display": {
		"head": {
			"translation": [0, 5.6, 0],
			"scale": [4, 4, 4],
			"rotation": [0, 0, 0]
		}
	}
}