{
	"__credit": "Generated using Animated Java (https://animated-java.dev/)",
	"textures": {
		"3": "nyctocosm:sorcerer/sorcerer32"
	},
	"elements": [
		{
			"faces": {
				"north": {"uv": [7.875, 1.75, 8.375, 3], "texture": "#3"},
				"east": {"uv": [3.25, 7.25, 3.8125, 8.5], "texture": "#3"},
				"south": {"uv": [7.875, 3, 8.375, 4.25], "texture": "#3"},
				"west": {"uv": [7.25, 3.375, 7.8125, 4.625], "texture": "#3"},
				"up": {"uv": [9.5, 9.9375, 9, 9.375], "texture": "#3"},
				"down": {"uv": [10, 7.375, 9.5, 7.9375], "texture": "#3"}
			},
			"to": [8, 5.8, 8.9],
			"from": [6.4, 1.8, 7.1],
			"rotation": {"angle": 0, "axis": "y", "origin": [7.2, 0.8, 8]}
		}
	],
	"display": {
		"head": {
			"translation": [0, 5.6, 0],
			"scale": [4, 4, 4],
			"rotation": [0, 0, 0]
		}
	}
}