{
	"__credit": "Generated using Animated Java (https://animated-java.dev/)",
	"textures": {
		"3": "nyctocosm:sorcerer/sorcerer32"
	},
	"elements": [
		{
			"faces": {
				"north": {"uv": [9.25, 10, 9.375, 11.5], "texture": "#3"},
				"east": {"uv": [5, 6.25, 5.5, 7.75], "texture": "#3"},
				"south": {"uv": [9.375, 10, 9.5, 11.5], "texture": "#3"},
				"west": {"uv": [6.875, 6.625, 7.375, 8.125], "texture": "#3"},
				"up": {"uv": [6.5, 10.75, 6.375, 10.25], "texture": "#3"},
				"down": {"uv": [6.625, 10.25, 6.5, 10.75], "texture": "#3"}
			},
			"to": [8.2, 5.1, 9],
			"from": [7.8, 0.3, 7.4],
			"rotation": {"angle": 0, "axis": "y", "origin": [10.2, 21.3, 7.6]}
		}
	],
	"display": {
		"head": {
			"translation": [0, 5.6, 0],
			"scale": [4, 4, 4],
			"rotation": [0, 0, 0]
		}
	}
}