{
	"__credit": "Generated using Animated Java (https://animated-java.dev/)",
	"textures": {
		"3": "nyctocosm:sorcerer/sorcerer32"
	},
	"elements": [
		{
			"faces": {
				"north": {"uv": [4.375, 1.25, 5.6875, 2.5], "texture": "#3"},
				"east": {"uv": [0, 0, 0, 1.25], "texture": "#3"},
				"south": {"uv": [4.375, 2.5, 5.6875, 3.75], "texture": "#3"},
				"west": {"uv": [0, 0, 0, 1.25], "texture": "#3"},
				"up": {"uv": [1.3125, 0, 0, 0], "texture": "#3"},
				"down": {"uv": [1.3125, 0, 0, 0], "texture": "#3"}
			},
			"to": [10.1, 7, 8],
			"from": [5.9, 3, 8],
			"rotation": {"angle": 45, "axis": "y", "origin": [8, 5, 8]}
		},
		{
			"faces": {
				"north": {"uv": [4.375, 3.75, 5.6875, 5], "texture": "#3"},
				"east": {"uv": [0, 0, 0, 1.25], "texture": "#3"},
				"south": {"uv": [1.375, 4.875, 2.6875, 6.125], "texture": "#3"},
				"west": {"uv": [0, 0, 0, 1.25], "texture": "#3"},
				"up": {"uv": [1.3125, 0, 0, 0], "texture": "#3"},
				"down": {"uv": [1.3125, 0, 0, 0], "texture": "#3"}
			},
			"to": [10.1, 7, 8],
			"from": [5.9, 3, 8],
			"rotation": {"angle": 0, "axis": "y", "origin": [8, 5, 8]}
		},
		{
			"faces": {
				"north": {"uv": [2.75, 4.875, 4.0625, 6.125], "texture": "#3"},
				"east": {"uv": [0, 0, 0, 1.25], "texture": "#3"},
				"south": {"uv": [4.125, 5, 5.4375, 6.25], "texture": "#3"},
				"west": {"uv": [0, 0, 0, 1.25], "texture": "#3"},
				"up": {"uv": [1.3125, 0, 0, 0], "texture": "#3"},
				"down": {"uv": [1.3125, 0, 0, 0], "texture": "#3"}
			},
			"to": [10.1, 7, 8],
			"from": [5.9, 3, 8],
			"rotation": {"angle": -45, "axis": "y", "origin": [8, 5, 8]}
		}
	],
	"display": {
		"head": {
			"translation": [0, 5.6, 0],
			"scale": [4, 4, 4],
			"rotation": [0, 0, 0]
		}
	}
}