{
	"__credit": "Generated using Animated Java (https://animated-java.dev/)",
	"textures": {
		"3": "nyctocosm:sorcerer/sorcerer32"
	},
	"elements": [
		{
			"faces": {
				"north": {"uv": [4.875, 7.75, 5.375, 9], "texture": "#3"},
				"east": {"uv": [0.5, 7.25, 1.0625, 8.5], "texture": "#3"},
				"south": {"uv": [5.375, 7.75, 5.875, 9], "texture": "#3"},
				"west": {"uv": [7.25, 2.125, 7.8125, 3.375], "texture": "#3"},
				"up": {"uv": [8, 9.8125, 7.5, 9.25], "texture": "#3"},
				"down": {"uv": [9.875, 3.125, 9.375, 3.6875], "texture": "#3"}
			},
			"to": [9.6, 5.8, 8.9],
			"from": [8, 1.8, 7.1],
			"rotation": {"angle": 0, "axis": "y", "origin": [8.8, 0.8, 8]}
		}
	],
	"display": {
		"head": {
			"translation": [0, 5.6, 0],
			"scale": [4, 4, 4],
			"rotation": [0, 0, 0]
		}
	}
}