{
	"credit": "Made by Flubberschnub",
	"texture_size": [64, 64],
	"textures": {
		"3": "item/scythe"
	},
	"elements": [
		{
			"from": [16.78907, -15.45364, 7.5],
			"to": [17.78907, -9.61318, 8.5],
			"rotation": {"angle": -22.5, "axis": "z", "origin": [11.56559, 7.23307, 8]},
			"faces": {
				"north": {"uv": [5, 6.5, 5.25, 8], "texture": "#3"},
				"east": {"uv": [5.25, 6.5, 5.5, 8], "texture": "#3"},
				"south": {"uv": [5.5, 6.5, 5.75, 8], "texture": "#3"},
				"west": {"uv": [6.5, 5.75, 6.75, 7.25], "texture": "#3"},
				"up": {"uv": [3.75, 8.25, 3.5, 8], "texture": "#3"},
				"down": {"uv": [7.75, 8.5, 7.5, 8.75], "texture": "#3"}
			}
		},
		{
			"from": [7.83991, -6.01381, 7.5],
			"to": [8.83991, 0.48619, 8.5],
			"rotation": {"angle": 0, "axis": "z", "origin": [11.56559, 7.23307, 8]},
			"faces": {
				"north": {"uv": [4.25, 6.25, 4.5, 7.875], "texture": "#3"},
				"east": {"uv": [4.5, 6.25, 4.75, 7.875], "texture": "#3"},
				"south": {"uv": [6.25, 5.75, 6.5, 7.375], "texture": "#3"},
				"west": {"uv": [4.75, 6.5, 5, 8.125], "texture": "#3"},
				"up": {"uv": [0.25, 9, 0, 8.75], "texture": "#3"},
				"down": {"uv": [0.5, 8.75, 0.25, 9], "texture": "#3"}
			}
		},
		{
			"from": [3.05415, -9.07969, 7.5],
			"to": [4.05415, -3.57969, 8.5],
			"rotation": {"angle": 22.5, "axis": "z", "origin": [11.56559, 7.23307, 8]},
			"faces": {
				"north": {"uv": [2, 7.25, 2.25, 8.625], "texture": "#3"},
				"east": {"uv": [2.25, 7.25, 2.5, 8.625], "texture": "#3"},
				"south": {"uv": [7.25, 2.25, 7.5, 3.625], "texture": "#3"},
				"west": {"uv": [2.5, 7.25, 2.75, 8.625], "texture": "#3"},
				"up": {"uv": [2.75, 9, 2.5, 8.75], "texture": "#3"},
				"down": {"uv": [9, 2.5, 8.75, 2.75], "texture": "#3"}
			}
		},
		{
			"from": [7.83991, 14.98619, 7.5],
			"to": [8.83991, 17.98619, 8.5],
			"rotation": {"angle": 0, "axis": "z", "origin": [11.56559, 7.23307, 8]},
			"faces": {
				"north": {"uv": [3.75, 7.5, 4, 8.25], "texture": "#3"},
				"east": {"uv": [4, 7.5, 4.25, 8.25], "texture": "#3"},
				"south": {"uv": [6.25, 7.5, 6.5, 8.25], "texture": "#3"},
				"west": {"uv": [7.75, 1.5, 8, 2.25], "texture": "#3"},
				"up": {"uv": [6.25, 6, 6, 5.75], "texture": "#3"},
				"down": {"uv": [7, 5, 6.75, 5.25], "texture": "#3"}
			}
		},
		{
			"from": [7.33991, 16.98619, 7],
			"to": [9.33991, 18.98619, 9],
			"rotation": {"angle": 0, "axis": "z", "origin": [11.56559, 7.23307, 8]},
			"faces": {
				"north": {"uv": [7.25, 6.75, 7.75, 7.25], "texture": "#3"},
				"east": {"uv": [7.25, 7.25, 7.75, 7.75], "texture": "#3"},
				"south": {"uv": [7.5, 2.25, 8, 2.75], "texture": "#3"},
				"west": {"uv": [2.75, 7.5, 3.25, 8], "texture": "#3"},
				"up": {"uv": [8, 3.25, 7.5, 2.75], "texture": "#3"},
				"down": {"uv": [3.75, 7.5, 3.25, 8], "texture": "#3"}
			}
		},
		{
			"from": [7.58991, 10.48619, 7.25],
			"to": [9.08991, 14.98619, 8.75],
			"rotation": {"angle": 0, "axis": "z", "origin": [11.56559, 7.23307, 8]},
			"faces": {
				"north": {"uv": [5.75, 6, 6.125, 7.125], "texture": "#3"},
				"east": {"uv": [2.75, 6.25, 3.125, 7.375], "texture": "#3"},
				"south": {"uv": [3.25, 6.25, 3.625, 7.375], "texture": "#3"},
				"west": {"uv": [3.75, 6.25, 4.125, 7.375], "texture": "#3"},
				"up": {"uv": [4.625, 8.375, 4.25, 8], "texture": "#3"},
				"down": {"uv": [1.875, 8.25, 1.5, 8.625], "texture": "#3"}
			}
		},
		{
			"from": [7.58991, 0.48619, 7.25],
			"to": [9.08991, 4.48619, 8.75],
			"rotation": {"angle": 0, "axis": "z", "origin": [11.56559, 7.23307, 8]},
			"faces": {
				"north": {"uv": [0, 7.25, 0.375, 8.25], "texture": "#3"},
				"east": {"uv": [0.5, 7.25, 0.875, 8.25], "texture": "#3"},
				"south": {"uv": [1, 7.25, 1.375, 8.25], "texture": "#3"},
				"west": {"uv": [1.5, 7.25, 1.875, 8.25], "texture": "#3"},
				"up": {"uv": [5.125, 8.625, 4.75, 8.25], "texture": "#3"},
				"down": {"uv": [5.625, 8.25, 5.25, 8.625], "texture": "#3"}
			}
		},
		{
			"from": [7.83991, 4.48619, 7.5],
			"to": [8.83991, 10.48619, 8.5],
			"rotation": {"angle": 0, "axis": "z", "origin": [11.56559, 7.23307, 8]},
			"faces": {
				"north": {"uv": [6.75, 5.75, 7, 7.25], "texture": "#3"},
				"east": {"uv": [7, 2.25, 7.25, 3.75], "texture": "#3"},
				"south": {"uv": [7, 4.75, 7.25, 6.25], "texture": "#3"},
				"west": {"uv": [7, 6.25, 7.25, 7.75], "texture": "#3"},
				"up": {"uv": [8.75, 8.5, 8.5, 8.25], "texture": "#3"},
				"down": {"uv": [8.75, 8.5, 8.5, 8.75], "texture": "#3"}
			}
		},
		{
			"from": [7.98368, 27.90607, 7.75],
			"to": [10.98368, 29.15607, 8.25],
			"rotation": {"angle": -45, "axis": "z", "origin": [11.56559, 7.23307, 8]},
			"faces": {
				"north": {"uv": [7.25, 5.75, 8, 6.125], "texture": "#3"},
				"east": {"uv": [8.75, 8, 8.875, 8.375], "texture": "#3"},
				"south": {"uv": [7.25, 6.25, 8, 6.625], "texture": "#3"},
				"west": {"uv": [8.25, 8.75, 8.375, 9.125], "texture": "#3"},
				"up": {"uv": [9.25, 7.125, 8.5, 7], "texture": "#3"},
				"down": {"uv": [9.25, 7.25, 8.5, 7.375], "texture": "#3"}
			}
		},
		{
			"from": [8.6459, 27.60802, 7.75],
			"to": [16.6459, 28.85802, 8.25],
			"rotation": {"angle": -22.5, "axis": "z", "origin": [11.56559, 7.23307, 8]},
			"faces": {
				"north": {"uv": [5, 2.75, 7, 3.125], "texture": "#3"},
				"east": {"uv": [7.75, 8.75, 7.875, 9.125], "texture": "#3"},
				"south": {"uv": [5, 3.25, 7, 3.625], "texture": "#3"},
				"west": {"uv": [8, 8.75, 8.125, 9.125], "texture": "#3"},
				"up": {"uv": [9.75, 0.125, 7.75, 0], "texture": "#3"},
				"down": {"uv": [9.75, 0.25, 7.75, 0.375], "texture": "#3"}
			}
		},
		{
			"from": [9.23933, 27.0602, 7.75],
			"to": [17.23933, 28.3102, 8.25],
			"rotation": {"angle": 0, "axis": "z", "origin": [11.56559, 7.23307, 8]},
			"faces": {
				"north": {"uv": [5, 2.25, 7, 2.625], "texture": "#3"},
				"east": {"uv": [7.5, 8.75, 7.625, 9.125], "texture": "#3"},
				"south": {"uv": [2.75, 5, 4.75, 5.375], "texture": "#3"},
				"west": {"uv": [8.75, 7.5, 8.875, 7.875], "texture": "#3"},
				"up": {"uv": [9.5, 3.375, 7.5, 3.25], "texture": "#3"},
				"down": {"uv": [9.5, 3.5, 7.5, 3.625], "texture": "#3"}
			}
		},
		{
			"from": [12.57795, 26.327, 7.75],
			"to": [17.57795, 27.577, 8.25],
			"rotation": {"angle": 22.5, "axis": "z", "origin": [11.56559, 7.23307, 8]},
			"faces": {
				"north": {"uv": [4.75, 5.25, 6, 5.625], "texture": "#3"},
				"east": {"uv": [7, 8.75, 7.125, 9.125], "texture": "#3"},
				"south": {"uv": [2.75, 5.5, 4, 5.875], "texture": "#3"},
				"west": {"uv": [7.25, 8.75, 7.375, 9.125], "texture": "#3"},
				"up": {"uv": [9.25, 2.875, 8, 2.75], "texture": "#3"},
				"down": {"uv": [9.25, 3, 8, 3.125], "texture": "#3"}
			}
		},
		{
			"from": [9.07795, 25.327, 7.495],
			"to": [17.57795, 26.327, 8.505],
			"rotation": {"angle": 22.5, "axis": "z", "origin": [11.56559, 7.23307, 8]},
			"faces": {
				"north": {"uv": [5, 3.75, 7.125, 4], "texture": "#3"},
				"east": {"uv": [8.5, 7.5, 8.75, 7.75], "texture": "#3"},
				"south": {"uv": [5, 4, 7.125, 4.25], "texture": "#3"},
				"west": {"uv": [7.75, 8.5, 8, 8.75], "texture": "#3"},
				"up": {"uv": [7.125, 4.5, 5, 4.25], "texture": "#3"},
				"down": {"uv": [7.125, 4.5, 5, 4.75], "texture": "#3"}
			}
		},
		{
			"from": [13.32795, 23.327, 7.75],
			"to": [16.82795, 25.327, 8.25],
			"rotation": {"angle": 22.5, "axis": "z", "origin": [11.56559, 7.23307, 8]},
			"faces": {
				"north": {"uv": [4.75, 6, 5.625, 6.5], "texture": "#3"},
				"east": {"uv": [5.5, 8.75, 5.625, 9.25], "texture": "#3"},
				"south": {"uv": [6.875, 5.25, 6, 5.75], "texture": "#3"},
				"west": {"uv": [8.75, 5.5, 8.875, 6], "texture": "#3"},
				"up": {"uv": [7.375, 8.625, 6.5, 8.5], "texture": "#3"},
				"down": {"uv": [9.375, 6.75, 8.5, 6.875], "texture": "#3"}
			}
		},
		{
			"from": [16.82795, 23.327, 7.5],
			"to": [17.57795, 25.327, 8.5],
			"rotation": {"angle": 22.5, "axis": "z", "origin": [11.56559, 7.23307, 8]},
			"faces": {
				"north": {"uv": [8.75, 6, 8.875, 6.5], "texture": "#3"},
				"east": {"uv": [6.25, 8.25, 6.5, 8.75], "texture": "#3"},
				"south": {"uv": [6.25, 8.75, 6.375, 9.25], "texture": "#3"},
				"west": {"uv": [8.5, 5.25, 8.75, 5.75], "texture": "#3"},
				"up": {"uv": [1.125, 9.25, 1, 9], "texture": "#3"},
				"down": {"uv": [1.375, 9, 1.25, 9.25], "texture": "#3"}
			}
		},
		{
			"from": [12.57795, 23.327, 7.5],
			"to": [13.32795, 25.327, 8.5],
			"rotation": {"angle": 22.5, "axis": "z", "origin": [11.56559, 7.23307, 8]},
			"faces": {
				"north": {"uv": [6.5, 8.75, 6.625, 9.25], "texture": "#3"},
				"east": {"uv": [5.75, 8.5, 6, 9], "texture": "#3"},
				"south": {"uv": [6.75, 8.75, 6.875, 9.25], "texture": "#3"},
				"west": {"uv": [6, 8.5, 6.25, 9], "texture": "#3"},
				"up": {"uv": [1.625, 9.25, 1.5, 9], "texture": "#3"},
				"down": {"uv": [9.125, 1.5, 9, 1.75], "texture": "#3"}
			}
		},
		{
			"from": [-4.61171, 19.89053, 7.5],
			"to": [-1.61171, 20.89053, 8.5],
			"rotation": {"angle": -22.5, "axis": "z", "origin": [11.56559, 7.23307, 8]},
			"faces": {
				"north": {"uv": [7.75, 7.25, 8.5, 7.5], "texture": "#3"},
				"east": {"uv": [2, 8.75, 2.25, 9], "texture": "#3"},
				"south": {"uv": [7.75, 7.5, 8.5, 7.75], "texture": "#3"},
				"west": {"uv": [8.75, 2, 9, 2.25], "texture": "#3"},
				"up": {"uv": [8.5, 8, 7.75, 7.75], "texture": "#3"},
				"down": {"uv": [8.75, 1.5, 8, 1.75], "texture": "#3"}
			}
		},
		{
			"from": [-0.1538, 25.0417, 7.5],
			"to": [1.8462, 26.0417, 8.5],
			"rotation": {"angle": 0, "axis": "z", "origin": [11.56559, 7.23307, 8]},
			"faces": {
				"north": {"uv": [3.75, 8.5, 4.25, 8.75], "texture": "#3"},
				"east": {"uv": [1.75, 8.75, 2, 9], "texture": "#3"},
				"south": {"uv": [8.5, 3.75, 9, 4], "texture": "#3"},
				"west": {"uv": [8.75, 1.75, 9, 2], "texture": "#3"},
				"up": {"uv": [9, 4.25, 8.5, 4], "texture": "#3"},
				"down": {"uv": [4.75, 8.5, 4.25, 8.75], "texture": "#3"}
			}
		},
		{
			"from": [4.94335, 24.59742, 7.495],
			"to": [9.19335, 25.59742, 8.505],
			"rotation": {"angle": 22.5, "axis": "z", "origin": [11.56559, 7.23307, 8]},
			"faces": {
				"north": {"uv": [7.25, 4.75, 8.375, 5], "texture": "#3"},
				"east": {"uv": [2.25, 8.75, 2.5, 9], "texture": "#3"},
				"south": {"uv": [7.25, 5, 8.375, 5.25], "texture": "#3"},
				"west": {"uv": [8.75, 2.25, 9, 2.5], "texture": "#3"},
				"up": {"uv": [8.375, 5.5, 7.25, 5.25], "texture": "#3"},
				"down": {"uv": [8.375, 5.5, 7.25, 5.75], "texture": "#3"}
			}
		},
		{
			"from": [2.94335, 20.09742, 8],
			"to": [13.19335, 28.59742, 8],
			"rotation": {"angle": 22.5, "axis": "z", "origin": [11.56559, 7.23307, 8]},
			"faces": {
				"north": {"uv": [0, 5, 2.625, 7.125], "texture": "#3"},
				"east": {"uv": [0, 0, 0, 2.125], "texture": "#3"},
				"south": {"uv": [5, 0, 7.625, 2.125], "texture": "#3"},
				"west": {"uv": [0, 0, 0, 2.125], "texture": "#3"},
				"up": {"uv": [2.625, 0, 0, 0], "texture": "#3"},
				"down": {"uv": [2.625, 0, 0, 0], "texture": "#3"}
			}
		},
		{
			"from": [10.22517, 25.73374, 7.5],
			"to": [12.47517, 26.73374, 8.5],
			"rotation": {"angle": 45, "axis": "z", "origin": [11.56559, 7.23307, 8]},
			"faces": {
				"north": {"uv": [2.75, 8, 3.375, 8.25], "texture": "#3"},
				"east": {"uv": [3.25, 8.75, 3.5, 9], "texture": "#3"},
				"south": {"uv": [5, 8, 5.625, 8.25], "texture": "#3"},
				"west": {"uv": [3.5, 8.75, 3.75, 9], "texture": "#3"},
				"up": {"uv": [8.625, 6, 8, 5.75], "texture": "#3"},
				"down": {"uv": [8.625, 6, 8, 6.25], "texture": "#3"}
			}
		},
		{
			"from": [14.57423, 24.82554, 7.5],
			"to": [16.57423, 25.82554, 8.5],
			"rotation": {"angle": 45, "axis": "z", "origin": [11.56559, 7.23307, 8]},
			"faces": {
				"north": {"uv": [0.5, 8.5, 1, 8.75], "texture": "#3"},
				"east": {"uv": [1.5, 8.75, 1.75, 9], "texture": "#3"},
				"south": {"uv": [1, 8.5, 1.5, 8.75], "texture": "#3"},
				"west": {"uv": [8.75, 1.5, 9, 1.75], "texture": "#3"},
				"up": {"uv": [3.25, 8.75, 2.75, 8.5], "texture": "#3"},
				"down": {"uv": [3.75, 8.5, 3.25, 8.75], "texture": "#3"}
			}
		},
		{
			"from": [2.3462, 22.2917, 7.5],
			"to": [4.3462, 23.2917, 8.5],
			"rotation": {"angle": 0, "axis": "z", "origin": [11.56559, 7.23307, 8]},
			"faces": {
				"north": {"uv": [7, 8.25, 7.5, 8.5], "texture": "#3"},
				"east": {"uv": [0.5, 8.75, 0.75, 9], "texture": "#3"},
				"south": {"uv": [7.5, 8.25, 8, 8.5], "texture": "#3"},
				"west": {"uv": [0.75, 8.75, 1, 9], "texture": "#3"},
				"up": {"uv": [8.5, 8.5, 8, 8.25], "texture": "#3"},
				"down": {"uv": [0.5, 8.5, 0, 8.75], "texture": "#3"}
			}
		},
		{
			"from": [-1.24963, 18.30657, 7.5],
			"to": [1.75037, 19.30657, 8.5],
			"rotation": {"angle": -22.5, "axis": "z", "origin": [11.56559, 7.23307, 8]},
			"faces": {
				"north": {"uv": [4, 5.5, 4.75, 5.75], "texture": "#3"},
				"east": {"uv": [8.5, 8, 8.75, 8.25], "texture": "#3"},
				"south": {"uv": [7.75, 6.75, 8.5, 7], "texture": "#3"},
				"west": {"uv": [8.25, 8.5, 8.5, 8.75], "texture": "#3"},
				"up": {"uv": [7.75, 8, 7, 7.75], "texture": "#3"},
				"down": {"uv": [8.5, 7, 7.75, 7.25], "texture": "#3"}
			}
		},
		{
			"from": [0.8223, 15.91761, 7.5],
			"to": [3.8223, 16.91761, 8.5],
			"rotation": {"angle": -22.5, "axis": "z", "origin": [11.56559, 7.23307, 8]},
			"faces": {
				"north": {"uv": [8, 1.75, 8.75, 2], "texture": "#3"},
				"east": {"uv": [5.25, 8.75, 5.5, 9], "texture": "#3"},
				"south": {"uv": [8, 2, 8.75, 2.25], "texture": "#3"},
				"west": {"uv": [8.75, 5.25, 9, 5.5], "texture": "#3"},
				"up": {"uv": [8.75, 2.5, 8, 2.25], "texture": "#3"},
				"down": {"uv": [8.75, 2.5, 8, 2.75], "texture": "#3"}
			}
		},
		{
			"from": [3.3462, 19.2917, 7.5],
			"to": [5.3462, 20.2917, 8.5],
			"rotation": {"angle": 0, "axis": "z", "origin": [11.56559, 7.23307, 8]},
			"faces": {
				"north": {"uv": [8.5, 4.25, 9, 4.5], "texture": "#3"},
				"east": {"uv": [4.75, 8.75, 5, 9], "texture": "#3"},
				"south": {"uv": [8.5, 4.5, 9, 4.75], "texture": "#3"},
				"west": {"uv": [5, 8.75, 5.25, 9], "texture": "#3"},
				"up": {"uv": [9, 5, 8.5, 4.75], "texture": "#3"},
				"down": {"uv": [9, 5, 8.5, 5.25], "texture": "#3"}
			}
		},
		{
			"from": [6.71918, 21.4431, 7.5],
			"to": [8.96918, 22.4431, 8.5],
			"rotation": {"angle": 22.5, "axis": "z", "origin": [11.56559, 7.23307, 8]},
			"faces": {
				"north": {"uv": [0, 8.25, 0.625, 8.5], "texture": "#3"},
				"east": {"uv": [4.25, 8.75, 4.5, 9], "texture": "#3"},
				"south": {"uv": [0.75, 8.25, 1.375, 8.5], "texture": "#3"},
				"west": {"uv": [4.5, 8.75, 4.75, 9], "texture": "#3"},
				"up": {"uv": [3.375, 8.5, 2.75, 8.25], "texture": "#3"},
				"down": {"uv": [4.125, 8.25, 3.5, 8.5], "texture": "#3"}
			}
		},
		{
			"from": [10.65872, 22.13995, 7.5],
			"to": [12.90872, 23.13995, 8.5],
			"rotation": {"angle": 45, "axis": "z", "origin": [11.56559, 7.23307, 8]},
			"faces": {
				"north": {"uv": [8, 6.25, 8.625, 6.5], "texture": "#3"},
				"east": {"uv": [3.75, 8.75, 4, 9], "texture": "#3"},
				"south": {"uv": [8, 6.5, 8.625, 6.75], "texture": "#3"},
				"west": {"uv": [4, 8.75, 4.25, 9], "texture": "#3"},
				"up": {"uv": [7.625, 8.25, 7, 8], "texture": "#3"},
				"down": {"uv": [8.375, 8, 7.75, 8.25], "texture": "#3"}
			}
		},
		{
			"from": [12.57795, 22.327, 7.5],
			"to": [17.57795, 23.327, 8.5],
			"rotation": {"angle": 22.5, "axis": "z", "origin": [11.56559, 7.23307, 8]},
			"faces": {
				"north": {"uv": [7.25, 3.75, 8.5, 4], "texture": "#3"},
				"east": {"uv": [1, 8.75, 1.25, 9], "texture": "#3"},
				"south": {"uv": [7.25, 4, 8.5, 4.25], "texture": "#3"},
				"west": {"uv": [1.25, 8.75, 1.5, 9], "texture": "#3"},
				"up": {"uv": [8.5, 4.5, 7.25, 4.25], "texture": "#3"},
				"down": {"uv": [8.5, 4.5, 7.25, 4.75], "texture": "#3"}
			}
		},
		{
			"from": [17.57795, 22.327, 7.5],
			"to": [25.07795, 22.827, 8.5],
			"rotation": {"angle": 22.5, "axis": "z", "origin": [11.56559, 7.23307, 8]},
			"faces": {
				"north": {"uv": [7.75, 1, 9.625, 1.125], "texture": "#3"},
				"east": {"uv": [8.75, 8.5, 9, 8.625], "texture": "#3"},
				"south": {"uv": [7.75, 1.25, 9.625, 1.375], "texture": "#3"},
				"west": {"uv": [8.75, 8.75, 9, 8.875], "texture": "#3"},
				"up": {"uv": [5.875, 6, 4, 5.75], "texture": "#3"},
				"down": {"uv": [4.625, 6, 2.75, 6.25], "texture": "#3"}
			}
		},
		{
			"from": [9.81336, 26.67439, 7.5],
			"to": [18.06336, 27.17439, 8.5],
			"rotation": {"angle": 0, "axis": "z", "origin": [11.56559, 7.23307, 8]},
			"faces": {
				"north": {"uv": [7.75, 0.5, 9.75, 0.625], "texture": "#3"},
				"east": {"uv": [8.75, 6.5, 9, 6.625], "texture": "#3"},
				"south": {"uv": [7.75, 0.75, 9.75, 0.875], "texture": "#3"},
				"west": {"uv": [8.5, 8.75, 8.75, 8.875], "texture": "#3"},
				"up": {"uv": [6.75, 5.25, 4.75, 5], "texture": "#3"},
				"down": {"uv": [7, 4.75, 5, 5], "texture": "#3"}
			}
		},
		{
			"from": [18.06336, 26.36854, 7.5],
			"to": [18.31336, 27.17439, 8.5],
			"rotation": {"angle": 0, "axis": "z", "origin": [11.56559, 7.23307, 8]},
			"faces": {
				"north": {"uv": [0, 9, 0.125, 9.25], "texture": "#3"},
				"east": {"uv": [8.5, 7.75, 8.75, 8], "texture": "#3"},
				"south": {"uv": [0.25, 9, 0.375, 9.25], "texture": "#3"},
				"west": {"uv": [8, 8.5, 8.25, 8.75], "texture": "#3"},
				"up": {"uv": [0.625, 9.25, 0.5, 9], "texture": "#3"},
				"down": {"uv": [0.875, 9, 0.75, 9.25], "texture": "#3"}
			}
		},
		{
			"from": [1.41754, 17.95997, 8],
			"to": [20.91754, 27.70997, 8],
			"rotation": {"angle": -22.5, "axis": "z", "origin": [11.56559, 7.23307, 8]},
			"faces": {
				"north": {"uv": [0, 0, 4.875, 2.5], "texture": "#3"},
				"east": {"uv": [0, 0, 0, 2.5], "texture": "#3"},
				"south": {"uv": [0, 2.5, 4.875, 5], "texture": "#3"},
				"west": {"uv": [0, 0, 0, 2.5], "texture": "#3"},
				"up": {"uv": [4.875, 0, 0, 0], "texture": "#3"},
				"down": {"uv": [4.875, 0, 0, 0], "texture": "#3"}
			}
		},
		{
			"from": [12.16243, 18.21073, 7.495],
			"to": [13.16243, 22.71073, 8.505],
			"rotation": {"angle": 22.5, "axis": "z", "origin": [11.56559, 7.23307, 8]},
			"faces": {
				"north": {"uv": [5.75, 7.25, 6, 8.375], "texture": "#3"},
				"east": {"uv": [6, 7.25, 6.25, 8.375], "texture": "#3"},
				"south": {"uv": [6.5, 7.25, 6.75, 8.375], "texture": "#3"},
				"west": {"uv": [6.75, 7.25, 7, 8.375], "texture": "#3"},
				"up": {"uv": [3, 9, 2.75, 8.75], "texture": "#3"},
				"down": {"uv": [3.25, 8.75, 3, 9], "texture": "#3"}
			}
		}
	],
	"gui_light": "front",
	"display": {
		"thirdperson_righthand": {
			"rotation": [0, 90, 0],
			"translation": [0, 2.5, 1.5]
		},
		"thirdperson_lefthand": {
			"rotation": [0, -90, 0],
			"translation": [0, 2.5, 1.5]
		},
		"firstperson_righthand": {
			"rotation": [-37, 87, 7],
			"translation": [3, -0.25, 1.5],
			"scale": [0.7, 0.7, 0.7]
		},
		"firstperson_lefthand": {
			"rotation": [-35, -93, 0],
			"translation": [3.5, -0.25, 1.5],
			"scale": [0.7, 0.7, 0.7]
		},
		"ground": {
			"translation": [0, 24.25, 0]
		},
		"gui": {
			"rotation": [28, 0, -25],
			"translation": [-2.5, 0, 0],
			"scale": [0.4, 0.4, 0.4]
		},
		"fixed": {
			"translation": [0, 0.5, -1.25],
			"scale": [0.4, 0.4, 0.4]
		}
	},
	"groups": [
		0,
		1,
		2,
		3,
		4,
		5,
		6,
		7,
		{
			"name": "head",
			"origin": [20.6894, 25.14123, 8],
			"color": 0,
			"nbt": "{}",
			"armAnimationEnabled": false,
			"children": [8, 9, 10, 11, 12, 13, 14, 15, 16, 17, 18, 19, 20, 21, 22, 23, 24, 25, 26, 27, 28, 29, 30, 31, 32, 33]
		}
	]
}