{
	"parent": "item/generated",
	"textures": {
		"layer0": "item/blue_dye"
	},
	"overrides": [
		{
			"predicate": {
				"custom_model_data": 1
			},
			"model": "nyctocosm:sorcererspear/all"
		},
		{
			"predicate": {
				"custom_model_data": 2
			},
			"model": "nyctocosm:sorcererspear/orb"
		},
		{
			"predicate": {
				"custom_model_data": 3
			},
			"model": "nyctocosm:sorcererspear/smallring"
		},
		{
			"predicate": {
				"custom_model_data": 4
			},
			"model": "nyctocosm:sorcererspear/bigring"
		}
	],
	"aj": {
		"includedRigs": {
			"dff4ad3d-2b00-e5f3-7c3f-1672c58491e2": {
				"name": "ajnullpoint",
				"usedIDs": [
					[1, 4]
				]
			}
		}
	}
}