{
	"parent": "item/generated",
	"textures": {
		"layer0": "item/light_blue_dye"
	},
	"overrides": [
		{
			"predicate": {
				"custom_model_data": 1
			},
			"model": "nyctocosm:sorcererm1/torso"
		},
		{
			"predicate": {
				"custom_model_data": 2
			},
			"model": "nyctocosm:sorcererm1/pauldron"
		},
		{
			"predicate": {
				"custom_model_data": 3
			},
			"model": "nyctocosm:sorcererm1/belt"
		},
		{
			"predicate": {
				"custom_model_data": 4
			},
			"model": "nyctocosm:sorcererm1/sash"
		},
		{
			"predicate": {
				"custom_model_data": 5
			},
			"model": "nyctocosm:sorcererm1/sash2"
		},
		{
			"predicate": {
				"custom_model_data": 6
			},
			"model": "nyctocosm:sorcererm1/sash3"
		},
		{
			"predicate": {
				"custom_model_data": 7
			},
			"model": "nyctocosm:sorcererm1/sash4"
		},
		{
			"predicate": {
				"custom_model_data": 8
			},
			"model": "nyctocosm:sorcererm1/hood"
		},
		{
			"predicate": {
				"custom_model_data": 9
			},
			"model": "nyctocosm:sorcererm1/hoodflap"
		},
		{
			"predicate": {
				"custom_model_data": 10
			},
			"model": "nyctocosm:sorcererm1/hoodflap2"
		},
		{
			"predicate": {
				"custom_model_data": 11
			},
			"model": "nyctocosm:sorcererm1/hoodtop"
		},
		{
			"predicate": {
				"custom_model_data": 12
			},
			"model": "nyctocosm:sorcererm1/hoodtip"
		},
		{
			"predicate": {
				"custom_model_data": 13
			},
			"model": "nyctocosm:sorcererm1/rightarm"
		},
		{
			"predicate": {
				"custom_model_data": 14
			},
			"model": "nyctocosm:sorcererm1/rightlowerarm"
		},
		{
			"predicate": {
				"custom_model_data": 15
			},
			"model": "nyctocosm:sorcererm1/righthand"
		},
		{
			"predicate": {
				"custom_model_data": 16
			},
			"model": "nyctocosm:sorcererm1/leftarm"
		},
		{
			"predicate": {
				"custom_model_data": 17
			},
			"model": "nyctocosm:sorcererm1/leftlowerarm"
		},
		{
			"predicate": {
				"custom_model_data": 18
			},
			"model": "nyctocosm:sorcererm1/lefthand"
		},
		{
			"predicate": {
				"custom_model_data": 19
			},
			"model": "nyctocosm:sorcererm1/frontmiddle"
		},
		{
			"predicate": {
				"custom_model_data": 20
			},
			"model": "nyctocosm:sorcererm1/frontmidbottom"
		},
		{
			"predicate": {
				"custom_model_data": 21
			},
			"model": "nyctocosm:sorcererm1/frontleft"
		},
		{
			"predicate": {
				"custom_model_data": 22
			},
			"model": "nyctocosm:sorcererm1/frontleftbottom"
		},
		{
			"predicate": {
				"custom_model_data": 23
			},
			"model": "nyctocosm:sorcererm1/frontright"
		},
		{
			"predicate": {
				"custom_model_data": 24
			},
			"model": "nyctocosm:sorcererm1/frontrightbottom"
		},
		{
			"predicate": {
				"custom_model_data": 25
			},
			"model": "nyctocosm:sorcererm1/back"
		},
		{
			"predicate": {
				"custom_model_data": 26
			},
			"model": "nyctocosm:sorcererm1/lowerback"
		},
		{
			"predicate": {
				"custom_model_data": 27
			},
			"model": "nyctocosm:sorcererm1/left"
		},
		{
			"predicate": {
				"custom_model_data": 28
			},
			"model": "nyctocosm:sorcererm1/lowerleft"
		},
		{
			"predicate": {
				"custom_model_data": 29
			},
			"model": "nyctocosm:sorcererm1/right"
		},
		{
			"predicate": {
				"custom_model_data": 30
			},
			"model": "nyctocosm:sorcererm1/lowerright"
		},
		{
			"predicate": {
				"custom_model_data": 31
			},
			"model": "nyctocosm:sorcererm1/invis/torso"
		},
		{
			"predicate": {
				"custom_model_data": 32
			},
			"model": "nyctocosm:sorcererm1/invis/pauldron"
		},
		{
			"predicate": {
				"custom_model_data": 33
			},
			"model": "nyctocosm:sorcererm1/invis/belt"
		},
		{
			"predicate": {
				"custom_model_data": 34
			},
			"model": "nyctocosm:sorcererm1/invis/sash"
		},
		{
			"predicate": {
				"custom_model_data": 35
			},
			"model": "nyctocosm:sorcererm1/invis/sash2"
		},
		{
			"predicate": {
				"custom_model_data": 36
			},
			"model": "nyctocosm:sorcererm1/invis/sash3"
		},
		{
			"predicate": {
				"custom_model_data": 37
			},
			"model": "nyctocosm:sorcererm1/invis/sash4"
		},
		{
			"predicate": {
				"custom_model_data": 38
			},
			"model": "nyctocosm:sorcererm1/invis/hood"
		},
		{
			"predicate": {
				"custom_model_data": 39
			},
			"model": "nyctocosm:sorcererm1/invis/hoodflap"
		},
		{
			"predicate": {
				"custom_model_data": 40
			},
			"model": "nyctocosm:sorcererm1/invis/hoodflap2"
		},
		{
			"predicate": {
				"custom_model_data": 41
			},
			"model": "nyctocosm:sorcererm1/invis/hoodtop"
		},
		{
			"predicate": {
				"custom_model_data": 42
			},
			"model": "nyctocosm:sorcererm1/invis/hoodtip"
		},
		{
			"predicate": {
				"custom_model_data": 43
			},
			"model": "nyctocosm:sorcererm1/invis/rightarm"
		},
		{
			"predicate": {
				"custom_model_data": 44
			},
			"model": "nyctocosm:sorcererm1/invis/rightlowerarm"
		},
		{
			"predicate": {
				"custom_model_data": 45
			},
			"model": "nyctocosm:sorcererm1/invis/righthand"
		},
		{
			"predicate": {
				"custom_model_data": 46
			},
			"model": "nyctocosm:sorcererm1/invis/leftarm"
		},
		{
			"predicate": {
				"custom_model_data": 47
			},
			"model": "nyctocosm:sorcererm1/invis/leftlowerarm"
		},
		{
			"predicate": {
				"custom_model_data": 48
			},
			"model": "nyctocosm:sorcererm1/invis/lefthand"
		},
		{
			"predicate": {
				"custom_model_data": 49
			},
			"model": "nyctocosm:sorcererm1/invis/frontmiddle"
		},
		{
			"predicate": {
				"custom_model_data": 50
			},
			"model": "nyctocosm:sorcererm1/invis/frontmidbottom"
		},
		{
			"predicate": {
				"custom_model_data": 51
			},
			"model": "nyctocosm:sorcererm1/invis/frontleft"
		},
		{
			"predicate": {
				"custom_model_data": 52
			},
			"model": "nyctocosm:sorcererm1/invis/frontleftbottom"
		},
		{
			"predicate": {
				"custom_model_data": 53
			},
			"model": "nyctocosm:sorcererm1/invis/frontright"
		},
		{
			"predicate": {
				"custom_model_data": 54
			},
			"model": "nyctocosm:sorcererm1/invis/frontrightbottom"
		},
		{
			"predicate": {
				"custom_model_data": 55
			},
			"model": "nyctocosm:sorcererm1/invis/back"
		},
		{
			"predicate": {
				"custom_model_data": 56
			},
			"model": "nyctocosm:sorcererm1/invis/lowerback"
		},
		{
			"predicate": {
				"custom_model_data": 57
			},
			"model": "nyctocosm:sorcererm1/invis/left"
		},
		{
			"predicate": {
				"custom_model_data": 58
			},
			"model": "nyctocosm:sorcererm1/invis/lowerleft"
		},
		{
			"predicate": {
				"custom_model_data": 59
			},
			"model": "nyctocosm:sorcererm1/invis/right"
		},
		{
			"predicate": {
				"custom_model_data": 60
			},
			"model": "nyctocosm:sorcererm1/invis/lowerright"
		}
	],
	"aj": {
		"includedRigs": {
			"1406cec2-8710-7e6f-1101-665df45036b2": {
				"name": "ajsorcererm1",
				"usedIDs": [
					[1, 60]
				]
			}
		}
	}
}