{
	"parent": "item/generated",
	"textures": {
		"layer0": "item/purple_dye"
	},
	"overrides": [
		{
			"predicate": {
				"custom_model_data": 1
			},
			"model": "nyctocosm:sorcerer/torso"
		},
		{
			"predicate": {
				"custom_model_data": 2
			},
			"model": "nyctocosm:sorcerer/pauldron"
		},
		{
			"predicate": {
				"custom_model_data": 3
			},
			"model": "nyctocosm:sorcerer/belt"
		},
		{
			"predicate": {
				"custom_model_data": 4
			},
			"model": "nyctocosm:sorcerer/sash"
		},
		{
			"predicate": {
				"custom_model_data": 5
			},
			"model": "nyctocosm:sorcerer/sash2"
		},
		{
			"predicate": {
				"custom_model_data": 6
			},
			"model": "nyctocosm:sorcerer/sash3"
		},
		{
			"predicate": {
				"custom_model_data": 7
			},
			"model": "nyctocosm:sorcerer/sash4"
		},
		{
			"predicate": {
				"custom_model_data": 8
			},
			"model": "nyctocosm:sorcerer/hood"
		},
		{
			"predicate": {
				"custom_model_data": 9
			},
			"model": "nyctocosm:sorcerer/hoodflap"
		},
		{
			"predicate": {
				"custom_model_data": 10
			},
			"model": "nyctocosm:sorcerer/hoodflap2"
		},
		{
			"predicate": {
				"custom_model_data": 11
			},
			"model": "nyctocosm:sorcerer/hoodtop"
		},
		{
			"predicate": {
				"custom_model_data": 12
			},
			"model": "nyctocosm:sorcerer/hoodtip"
		},
		{
			"predicate": {
				"custom_model_data": 13
			},
			"model": "nyctocosm:sorcerer/rightarm"
		},
		{
			"predicate": {
				"custom_model_data": 14
			},
			"model": "nyctocosm:sorcerer/rightlowerarm"
		},
		{
			"predicate": {
				"custom_model_data": 15
			},
			"model": "nyctocosm:sorcerer/righthand"
		},
		{
			"predicate": {
				"custom_model_data": 16
			},
			"model": "nyctocosm:sorcerer/nullpoint"
		},
		{
			"predicate": {
				"custom_model_data": 17
			},
			"model": "nyctocosm:sorcerer/nulltip"
		},
		{
			"predicate": {
				"custom_model_data": 18
			},
			"model": "nyctocosm:sorcerer/group"
		},
		{
			"predicate": {
				"custom_model_data": 19
			},
			"model": "nyctocosm:sorcerer/smallring"
		},
		{
			"predicate": {
				"custom_model_data": 20
			},
			"model": "nyctocosm:sorcerer/bigring"
		},
		{
			"predicate": {
				"custom_model_data": 21
			},
			"model": "nyctocosm:sorcerer/leftarm"
		},
		{
			"predicate": {
				"custom_model_data": 22
			},
			"model": "nyctocosm:sorcerer/leftlowerarm"
		},
		{
			"predicate": {
				"custom_model_data": 23
			},
			"model": "nyctocosm:sorcerer/lefthand"
		},
		{
			"predicate": {
				"custom_model_data": 24
			},
			"model": "nyctocosm:sorcerer/frontmiddle"
		},
		{
			"predicate": {
				"custom_model_data": 25
			},
			"model": "nyctocosm:sorcerer/frontmidbottom"
		},
		{
			"predicate": {
				"custom_model_data": 26
			},
			"model": "nyctocosm:sorcerer/frontleft"
		},
		{
			"predicate": {
				"custom_model_data": 27
			},
			"model": "nyctocosm:sorcerer/frontleftbottom"
		},
		{
			"predicate": {
				"custom_model_data": 28
			},
			"model": "nyctocosm:sorcerer/frontright"
		},
		{
			"predicate": {
				"custom_model_data": 29
			},
			"model": "nyctocosm:sorcerer/frontrightbottom"
		},
		{
			"predicate": {
				"custom_model_data": 30
			},
			"model": "nyctocosm:sorcerer/back"
		},
		{
			"predicate": {
				"custom_model_data": 31
			},
			"model": "nyctocosm:sorcerer/lowerback"
		},
		{
			"predicate": {
				"custom_model_data": 32
			},
			"model": "nyctocosm:sorcerer/left"
		},
		{
			"predicate": {
				"custom_model_data": 33
			},
			"model": "nyctocosm:sorcerer/lowerleft"
		},
		{
			"predicate": {
				"custom_model_data": 34
			},
			"model": "nyctocosm:sorcerer/right"
		},
		{
			"predicate": {
				"custom_model_data": 35
			},
			"model": "nyctocosm:sorcerer/lowerright"
		},
		{
			"predicate": {
				"custom_model_data": 36
			},
			"model": "nyctocosm:sorcerer/smear1"
		},
		{
			"predicate": {
				"custom_model_data": 37
			},
			"model": "nyctocosm:sorcerer/default/smear1"
		},
		{
			"predicate": {
				"custom_model_data": 38
			},
			"model": "nyctocosm:sorcerer/staffless/nullpoint"
		},
		{
			"predicate": {
				"custom_model_data": 39
			},
			"model": "nyctocosm:sorcerer/staffless/nulltip"
		},
		{
			"predicate": {
				"custom_model_data": 40
			},
			"model": "nyctocosm:sorcerer/staffless/group"
		},
		{
			"predicate": {
				"custom_model_data": 41
			},
			"model": "nyctocosm:sorcerer/staffless/smallring"
		},
		{
			"predicate": {
				"custom_model_data": 42
			},
			"model": "nyctocosm:sorcerer/staffless/bigring"
		},
		{
			"predicate": {
				"custom_model_data": 43
			},
			"model": "nyctocosm:sorcerer/staffless/smear1"
		},
		{
			"predicate": {
				"custom_model_data": 44
			},
			"model": "nyctocosm:sorcerer/slashstaffless/nullpoint"
		},
		{
			"predicate": {
				"custom_model_data": 45
			},
			"model": "nyctocosm:sorcerer/slashstaffless/nulltip"
		},
		{
			"predicate": {
				"custom_model_data": 46
			},
			"model": "nyctocosm:sorcerer/slashstaffless/group"
		},
		{
			"predicate": {
				"custom_model_data": 47
			},
			"model": "nyctocosm:sorcerer/slashstaffless/smallring"
		},
		{
			"predicate": {
				"custom_model_data": 48
			},
			"model": "nyctocosm:sorcerer/slashstaffless/bigring"
		}
	],
	"aj": {
		"includedRigs": {
			"1406cec2-8710-7e6f-1101-665df45036b2": {
				"name": "ajsorcerer",
				"usedIDs": [
					[1, 48]
				]
			}
		}
	}
}