{
	"credit": "Made by Flubberschnub",
	"textures": {
		"0": "nyctocosm:magic/soul_bottle",
		"particle": "nyctocosm:magic/soul_bottle"
	},
	"elements": [
		{
			"name": "soul_bottle_0",
			"from": [7, 11, 7.5],
			"to": [10, 14, 8.5],
			"rotation": {"angle": 0, "axis": "x", "origin": [8, 2.5, 8]},
			"faces": {
				"north": {"uv": [7, 5, 10, 2], "rotation": 180, "texture": "#0"},
				"east": {"uv": [9, 2, 10, 5], "texture": "#0"},
				"south": {"uv": [7, 2, 10, 5], "texture": "#0"},
				"west": {"uv": [7, 2, 8, 5], "texture": "#0"},
				"up": {"uv": [10, 2, 7, 3], "rotation": 180, "texture": "#0"},
				"down": {"uv": [7, 4, 10, 5], "texture": "#0"}
			}
		},
		{
			"name": "soul_bottle_1",
			"from": [6, 11, 7.5],
			"to": [7, 13, 8.5],
			"rotation": {"angle": 0, "axis": "x", "origin": [8, 2.5, 8]},
			"faces": {
				"north": {"uv": [6, 5, 7, 3], "rotation": 180, "texture": "#0"},
				"east": {"uv": [6, 3, 7, 5], "texture": "#0"},
				"south": {"uv": [6, 3, 7, 5], "texture": "#0"},
				"west": {"uv": [6, 3, 7, 5], "texture": "#0"},
				"up": {"uv": [7, 3, 6, 4], "rotation": 180, "texture": "#0"},
				"down": {"uv": [6, 4, 7, 5], "texture": "#0"}
			}
		},
		{
			"name": "soul_bottle_2",
			"from": [10, 11, 7.5],
			"to": [11, 13, 8.5],
			"rotation": {"angle": 0, "axis": "x", "origin": [8, 2.5, 8]},
			"faces": {
				"north": {"uv": [10, 5, 11, 3], "rotation": 180, "texture": "#0"},
				"east": {"uv": [10, 3, 11, 5], "texture": "#0"},
				"south": {"uv": [10, 3, 11, 5], "texture": "#0"},
				"west": {"uv": [10, 3, 11, 5], "texture": "#0"},
				"up": {"uv": [11, 3, 10, 4], "rotation": 180, "texture": "#0"},
				"down": {"uv": [10, 4, 11, 5], "texture": "#0"}
			}
		},
		{
			"name": "soul_bottle_3",
			"from": [7, 9, 7.5],
			"to": [8, 11, 8.5],
			"rotation": {"angle": 0, "axis": "x", "origin": [8, 2.5, 8]},
			"faces": {
				"north": {"uv": [7, 7, 8, 5], "rotation": 180, "texture": "#0"},
				"east": {"uv": [7, 5, 8, 7], "texture": "#0"},
				"south": {"uv": [7, 5, 8, 7], "texture": "#0"},
				"west": {"uv": [7, 5, 8, 7], "texture": "#0"},
				"up": {"uv": [8, 5, 7, 6], "rotation": 180, "texture": "#0"},
				"down": {"uv": [7, 6, 8, 7], "texture": "#0"}
			}
		},
		{
			"name": "soul_bottle_4",
			"from": [9, 9, 7.5],
			"to": [10, 11, 8.5],
			"rotation": {"angle": 0, "axis": "x", "origin": [8, 2.5, 8]},
			"faces": {
				"north": {"uv": [9, 7, 10, 5], "rotation": 180, "texture": "#0"},
				"east": {"uv": [9, 5, 10, 7], "texture": "#0"},
				"south": {"uv": [9, 5, 10, 7], "texture": "#0"},
				"west": {"uv": [9, 5, 10, 7], "texture": "#0"},
				"up": {"uv": [10, 5, 9, 6], "rotation": 180, "texture": "#0"},
				"down": {"uv": [9, 6, 10, 7], "texture": "#0"}
			}
		},
		{
			"name": "soul_bottle_5",
			"from": [6, 8, 7.5],
			"to": [7, 9, 8.5],
			"rotation": {"angle": 0, "axis": "x", "origin": [8, 2.5, 8]},
			"faces": {
				"north": {"uv": [6, 8, 7, 7], "rotation": 180, "texture": "#0"},
				"east": {"uv": [6, 7, 7, 8], "texture": "#0"},
				"south": {"uv": [6, 7, 7, 8], "texture": "#0"},
				"west": {"uv": [6, 7, 7, 8], "texture": "#0"},
				"up": {"uv": [7, 7, 6, 8], "rotation": 180, "texture": "#0"},
				"down": {"uv": [6, 7, 7, 8], "texture": "#0"}
			}
		},
		{
			"name": "soul_bottle_6",
			"from": [10, 8, 7.5],
			"to": [11, 9, 8.5],
			"rotation": {"angle": 0, "axis": "x", "origin": [8, 2.5, 8]},
			"faces": {
				"north": {"uv": [10, 8, 11, 7], "rotation": 180, "texture": "#0"},
				"east": {"uv": [10, 7, 11, 8], "texture": "#0"},
				"south": {"uv": [10, 7, 11, 8], "texture": "#0"},
				"west": {"uv": [10, 7, 11, 8], "texture": "#0"},
				"up": {"uv": [11, 7, 10, 8], "rotation": 180, "texture": "#0"},
				"down": {"uv": [10, 7, 11, 8], "texture": "#0"}
			}
		},
		{
			"name": "soul_bottle_7",
			"from": [5, 7, 7.5],
			"to": [6, 8, 8.5],
			"rotation": {"angle": 0, "axis": "x", "origin": [8, 2.5, 8]},
			"faces": {
				"north": {"uv": [5, 9, 6, 8], "rotation": 180, "texture": "#0"},
				"east": {"uv": [5, 8, 6, 9], "texture": "#0"},
				"south": {"uv": [5, 8, 6, 9], "texture": "#0"},
				"west": {"uv": [5, 8, 6, 9], "texture": "#0"},
				"up": {"uv": [6, 8, 5, 9], "rotation": 180, "texture": "#0"},
				"down": {"uv": [5, 8, 6, 9], "texture": "#0"}
			}
		},
		{
			"name": "soul_bottle_8",
			"from": [7, 4, 7.5],
			"to": [10, 8, 8.5],
			"rotation": {"angle": 0, "axis": "x", "origin": [8, 2.5, 8]},
			"faces": {
				"north": {"uv": [7, 12, 10, 8], "rotation": 180, "texture": "#0"},
				"east": {"uv": [9, 8, 10, 12], "texture": "#0"},
				"south": {"uv": [7, 8, 10, 12], "texture": "#0"},
				"west": {"uv": [7, 8, 8, 12], "texture": "#0"},
				"up": {"uv": [10, 8, 7, 9], "rotation": 180, "texture": "#0"},
				"down": {"uv": [7, 11, 10, 12], "texture": "#0"}
			}
		},
		{
			"name": "soul_bottle_9",
			"from": [11, 7, 7.5],
			"to": [12, 8, 8.5],
			"rotation": {"angle": 0, "axis": "x", "origin": [8, 2.5, 8]},
			"faces": {
				"north": {"uv": [11, 9, 12, 8], "rotation": 180, "texture": "#0"},
				"east": {"uv": [11, 8, 12, 9], "texture": "#0"},
				"south": {"uv": [11, 8, 12, 9], "texture": "#0"},
				"west": {"uv": [11, 8, 12, 9], "texture": "#0"},
				"up": {"uv": [12, 8, 11, 9], "rotation": 180, "texture": "#0"},
				"down": {"uv": [11, 8, 12, 9], "texture": "#0"}
			}
		},
		{
			"name": "soul_bottle_10",
			"from": [4, 3, 7.5],
			"to": [5, 7, 8.5],
			"rotation": {"angle": 0, "axis": "x", "origin": [8, 2.5, 8]},
			"faces": {
				"north": {"uv": [4, 13, 5, 9], "rotation": 180, "texture": "#0"},
				"east": {"uv": [4, 9, 5, 13], "texture": "#0"},
				"south": {"uv": [4, 9, 5, 13], "texture": "#0"},
				"west": {"uv": [4, 9, 5, 13], "texture": "#0"},
				"up": {"uv": [5, 9, 4, 10], "rotation": 180, "texture": "#0"},
				"down": {"uv": [4, 12, 5, 13], "texture": "#0"}
			}
		},
		{
			"name": "soul_bottle_11",
			"from": [6, 5, 7.5],
			"to": [7, 7, 8.5],
			"rotation": {"angle": 0, "axis": "x", "origin": [8, 2.5, 8]},
			"faces": {
				"north": {"uv": [6, 11, 7, 9], "rotation": 180, "texture": "#0"},
				"east": {"uv": [6, 9, 7, 11], "texture": "#0"},
				"south": {"uv": [6, 9, 7, 11], "texture": "#0"},
				"west": {"uv": [6, 9, 7, 11], "texture": "#0"},
				"up": {"uv": [7, 9, 6, 10], "rotation": 180, "texture": "#0"},
				"down": {"uv": [6, 10, 7, 11], "texture": "#0"}
			}
		},
		{
			"name": "soul_bottle_12",
			"from": [10, 3, 7.5],
			"to": [11, 7, 8.5],
			"rotation": {"angle": 0, "axis": "x", "origin": [8, 2.5, 8]},
			"faces": {
				"north": {"uv": [10, 13, 11, 9], "rotation": 180, "texture": "#0"},
				"east": {"uv": [10, 9, 11, 13], "texture": "#0"},
				"south": {"uv": [10, 9, 11, 13], "texture": "#0"},
				"west": {"uv": [10, 9, 11, 13], "texture": "#0"},
				"up": {"uv": [11, 9, 10, 10], "rotation": 180, "texture": "#0"},
				"down": {"uv": [10, 12, 11, 13], "texture": "#0"}
			}
		},
		{
			"name": "soul_bottle_13",
			"from": [12, 3, 7.5],
			"to": [13, 7, 8.5],
			"rotation": {"angle": 0, "axis": "x", "origin": [8, 2.5, 8]},
			"faces": {
				"north": {"uv": [12, 13, 13, 9], "rotation": 180, "texture": "#0"},
				"east": {"uv": [12, 9, 13, 13], "texture": "#0"},
				"south": {"uv": [12, 9, 13, 13], "texture": "#0"},
				"west": {"uv": [12, 9, 13, 13], "texture": "#0"},
				"up": {"uv": [13, 9, 12, 10], "rotation": 180, "texture": "#0"},
				"down": {"uv": [12, 12, 13, 13], "texture": "#0"}
			}
		},
		{
			"name": "soul_bottle_14",
			"from": [8, 1, 7.5],
			"to": [10, 4, 8.5],
			"rotation": {"angle": 0, "axis": "x", "origin": [8, 2.5, 8]},
			"faces": {
				"north": {"uv": [8, 15, 10, 12], "rotation": 180, "texture": "#0"},
				"east": {"uv": [9, 12, 10, 15], "texture": "#0"},
				"south": {"uv": [8, 12, 10, 15], "texture": "#0"},
				"west": {"uv": [8, 12, 9, 15], "texture": "#0"},
				"up": {"uv": [10, 12, 8, 13], "rotation": 180, "texture": "#0"},
				"down": {"uv": [8, 14, 10, 15], "texture": "#0"}
			}
		},
		{
			"name": "soul_bottle_15",
			"from": [5, 2, 7.5],
			"to": [6, 3, 8.5],
			"rotation": {"angle": 0, "axis": "x", "origin": [8, 2.5, 8]},
			"faces": {
				"north": {"uv": [5, 14, 6, 13], "rotation": 180, "texture": "#0"},
				"east": {"uv": [5, 13, 6, 14], "texture": "#0"},
				"south": {"uv": [5, 13, 6, 14], "texture": "#0"},
				"west": {"uv": [5, 13, 6, 14], "texture": "#0"},
				"up": {"uv": [6, 13, 5, 14], "rotation": 180, "texture": "#0"},
				"down": {"uv": [5, 13, 6, 14], "texture": "#0"}
			}
		},
		{
			"name": "soul_bottle_16",
			"from": [11, 2, 7.5],
			"to": [12, 3, 8.5],
			"rotation": {"angle": 0, "axis": "x", "origin": [8, 2.5, 8]},
			"faces": {
				"north": {"uv": [11, 14, 12, 13], "rotation": 180, "texture": "#0"},
				"east": {"uv": [11, 13, 12, 14], "texture": "#0"},
				"south": {"uv": [11, 13, 12, 14], "texture": "#0"},
				"west": {"uv": [11, 13, 12, 14], "texture": "#0"},
				"up": {"uv": [12, 13, 11, 14], "rotation": 180, "texture": "#0"},
				"down": {"uv": [11, 13, 12, 14], "texture": "#0"}
			}
		},
		{
			"name": "soul_bottle_17",
			"from": [6, 1, 7.5],
			"to": [8, 2, 8.5],
			"rotation": {"angle": 0, "axis": "x", "origin": [8, 2.5, 8]},
			"faces": {
				"north": {"uv": [6, 15, 8, 14], "rotation": 180, "texture": "#0"},
				"east": {"uv": [7, 14, 8, 15], "texture": "#0"},
				"south": {"uv": [6, 14, 8, 15], "texture": "#0"},
				"west": {"uv": [6, 14, 7, 15], "texture": "#0"},
				"up": {"uv": [8, 14, 6, 15], "rotation": 180, "texture": "#0"},
				"down": {"uv": [6, 14, 8, 15], "texture": "#0"}
			}
		},
		{
			"name": "soul_bottle_18",
			"from": [10, 1, 7.5],
			"to": [11, 2, 8.5],
			"rotation": {"angle": 0, "axis": "x", "origin": [8, 2.5, 8]},
			"faces": {
				"north": {"uv": [10, 15, 11, 14], "rotation": 180, "texture": "#0"},
				"east": {"uv": [10, 14, 11, 15], "texture": "#0"},
				"south": {"uv": [10, 14, 11, 15], "texture": "#0"},
				"west": {"uv": [10, 14, 11, 15], "texture": "#0"},
				"up": {"uv": [11, 14, 10, 15], "rotation": 180, "texture": "#0"},
				"down": {"uv": [10, 14, 11, 15], "texture": "#0"}
			}
		}
	],
	"gui_light": "front",
	"display": {
		"thirdperson_righthand": {
			"translation": [0, 3, 1],
			"scale": [0.55, 0.55, 0.55]
		},
		"thirdperson_lefthand": {
			"translation": [0, 3, 1],
			"scale": [0.55, 0.55, 0.55]
		},
		"firstperson_righthand": {
			"rotation": [0, -90, 25],
			"translation": [1.13, 3.2, 1.13],
			"scale": [0.68, 0.68, 0.68]
		},
		"firstperson_lefthand": {
			"rotation": [0, -90, 25],
			"translation": [1.13, 3.2, 1.13],
			"scale": [0.68, 0.68, 0.68]
		},
		"ground": {
			"translation": [0, 2, 0],
			"scale": [0.5, 0.5, 0.5]
		},
		"fixed": {
			"rotation": [0, 180, 0]
		}
	},
	"groups": [
		{
			"name": "soul_bottle",
			"origin": [7.5, 10, 7],
			"color": 0,
			"nbt": "{}",
			"armAnimationEnabled": false,
			"children": [0, 1, 2, 3, 4, 5, 6, 7, 8, 9, 10, 11, 12, 13, 14, 15, 16, 17, 18]
		}
	]
}