{
	"credit": "Made by Flubberschnub",
	"textures": {
		"1": "nyctocosm:portal/external_resonance_vertical",
		"particle": "nyctocosm:portal/external_resonance_vertical"
	},
	"elements": [
		{
			"from": [8, -8, -8],
			"to": [8, 24, 24],
			"rotation": {"angle": 0, "axis": "x", "origin": [8, 8, 8]},
			"faces": {
				"north": {"uv": [0, 0, 0, 0], "rotation": 270, "texture": "#1"},
				"east": {"uv": [0, 0, 16, 16], "rotation": 90, "texture": "#1"},
				"south": {"uv": [0, 0, 0, 0], "rotation": 270, "texture": "#1"},
				"west": {"uv": [16, 0, 0, 16], "rotation": 270, "texture": "#1"},
				"up": {"uv": [0, 0, 0, 0], "texture": "#1"},
				"down": {"uv": [0, 0, 0, 0], "rotation": 180, "texture": "#1"}
			}
		}
	],
	"display": {
		"head": {
			"translation": [0, -43, 0],
			"scale": [1.6, 1.6, 1.6]
		}
	}
}