{
	"__credit": "Generated using Animated Java (https://animated-java.dev/)",
	"textures": {
		"0": "nyctocosm:mobs/death_walker/death_walker"
	},
	"elements": [
		{
			"faces": {
				"north": {"uv": [0, 0, 1, 1.5], "texture": "#0"},
				"east": {"uv": [1.84375, 4.3125, 2.34375, 5.8125], "texture": "#0"},
				"south": {"uv": [1, 0, 2, 1.5], "texture": "#0"},
				"west": {"uv": [4.21875, 4.78125, 4.71875, 6.28125], "texture": "#0"},
				"up": {"uv": [5.71875, 5.28125, 4.71875, 4.78125], "texture": "#0"},
				"down": {"uv": [3.34375, 5.09375, 2.34375, 5.59375], "texture": "#0"}
			},
			"to": [14.4, 14.6, 11.2],
			"from": [1.6, -4.6, 4.8],
			"rotation": {"angle": 0, "axis": "y", "origin": [8, 1.8, 8]}
		}
	],
	"display": {
		"head": {
			"translation": [0, 5.6, 0],
			"scale": [4, 4, 4],
			"rotation": [0, 0, 0]
		}
	}
}