{
	"__credit": "Generated using Animated Java (https://animated-java.dev/)",
	"textures": {
		"0": "nyctocosm:mobs/death_walker/death_walker"
	},
	"elements": [
		{
			"faces": {
				"north": {"uv": [3.78125, 6.4375, 3.9375, 7.875], "texture": "#0"},
				"east": {"uv": [0, 1.5, 0.9375, 2.9375], "texture": "#0"},
				"south": {"uv": [0.4375, 6.625, 0.59375, 8.0625], "texture": "#0"},
				"west": {"uv": [0.9375, 1.5, 1.875, 2.9375], "texture": "#0"},
				"up": {"uv": [2.75, 3.875, 2.59375, 2.9375], "texture": "#0"},
				"down": {"uv": [4.125, 5.1875, 3.96875, 6.125], "texture": "#0"}
			},
			"to": [8.9, 9.7, 14],
			"from": [7.1, -8.5, 2],
			"rotation": {"angle": 0, "axis": "y", "origin": [8, 0.6, 8]}
		}
	],
	"display": {
		"head": {
			"translation": [0, 5.6, 0],
			"scale": [4, 4, 4],
			"rotation": [0, 0, 0]
		}
	}
}