{
	"__credit": "Generated using Animated Java (https://animated-java.dev/)",
	"textures": {
		"0": "nyctocosm:mobs/death_walker/death_walker"
	},
	"elements": [
		{
			"faces": {
				"north": {"uv": [5.34375, 6.53125, 5.59375, 7.78125], "texture": "#0"},
				"east": {"uv": [6.59375, 0, 6.84375, 1.25], "texture": "#0"},
				"south": {"uv": [6.59375, 1.25, 6.84375, 2.5], "texture": "#0"},
				"west": {"uv": [6.59375, 2.5, 6.84375, 3.75], "texture": "#0"},
				"up": {"uv": [6.15625, 7.375, 5.90625, 7.125], "texture": "#0"},
				"down": {"uv": [7.4375, 2.8125, 7.1875, 3.0625], "texture": "#0"}
			},
			"to": [9.6, 13, 9.6],
			"from": [6.4, -3, 6.4],
			"rotation": {"angle": 0, "axis": "y", "origin": [8, 5, 8]}
		}
	],
	"display": {
		"head": {
			"translation": [0, 5.6, 0],
			"scale": [4, 4, 4],
			"rotation": [0, 0, 0]
		}
	}
}