{
	"__credit": "Generated using Animated Java (https://animated-java.dev/)",
	"textures": {
		"0": "nyctocosm:mobs/death_walker/death_walker"
	},
	"elements": [
		{
			"faces": {
				"north": {"uv": [1.125, 6.375, 1.375, 7.625], "texture": "#0"},
				"east": {"uv": [1.375, 6.375, 1.625, 7.625], "texture": "#0"},
				"south": {"uv": [3.28125, 6.4375, 3.53125, 7.6875], "texture": "#0"},
				"west": {"uv": [3.53125, 6.4375, 3.78125, 7.6875], "texture": "#0"},
				"up": {"uv": [2.59375, 5.0625, 2.34375, 4.8125], "texture": "#0"},
				"down": {"uv": [5.65625, 0.78125, 5.40625, 1.03125], "texture": "#0"}
			},
			"to": [9.6, 13, 9.6],
			"from": [6.4, -3, 6.4],
			"rotation": {"angle": 0, "axis": "y", "origin": [8, 5, 8]}
		}
	],
	"display": {
		"head": {
			"translation": [0, 5.6, 0],
			"scale": [4, 4, 4],
			"rotation": [0, 0, 0]
		}
	}
}