{
	"__credit": "Generated using Animated Java (https://animated-java.dev/)",
	"textures": {
		"0": "nyctocosm:mobs/death_walker/death_walker"
	},
	"elements": [
		{
			"faces": {
				"north": {"uv": [2.65625, 5.59375, 2.96875, 6.84375], "texture": "#0"},
				"east": {"uv": [2.96875, 5.59375, 3.28125, 6.84375], "texture": "#0"},
				"south": {"uv": [5.65625, 0, 5.96875, 1.25], "texture": "#0"},
				"west": {"uv": [5.65625, 1.25, 5.96875, 2.5], "texture": "#0"},
				"up": {"uv": [7.375, 2.5, 7.0625, 2.1875], "texture": "#0"},
				"down": {"uv": [7.375, 2.5, 7.0625, 2.8125], "texture": "#0"}
			},
			"to": [10, 13, 10],
			"from": [6, -3, 6],
			"rotation": {"angle": 0, "axis": "y", "origin": [8, 5, 8]}
		}
	],
	"display": {
		"head": {
			"translation": [0, 5.6, 0],
			"scale": [4, 4, 4],
			"rotation": [0, 0, 0]
		}
	}
}