{
	"__credit": "Generated using Animated Java (https://animated-java.dev/)",
	"textures": {},
	"elements": [
		{
			"faces": {
				"north": {"uv": [0, 0, 16, 16], "texture": "#missing"},
				"east": {"uv": [0, 0, 16, 16], "texture": "#missing"},
				"south": {"uv": [0, 0, 16, 16], "texture": "#missing"},
				"west": {"uv": [0, 0, 16, 16], "texture": "#missing"},
				"up": {"uv": [0, 0, 16, 16], "texture": "#missing"},
				"down": {"uv": [0, 0, 16, 16], "texture": "#missing"}
			},
			"to": [14.4, 14.6, 11.2],
			"from": [1.6, -4.6, 4.8],
			"rotation": {"angle": 0, "axis": "y", "origin": [8, 1.8, 8]}
		}
	],
	"display": {
		"head": {
			"translation": [0, 5.6, 0],
			"scale": [4, 4, 4],
			"rotation": [0, 0, 0]
		}
	}
}