{
	"__credit": "Generated using Animated Java (https://animated-java.dev/)",
	"textures": {
		"0": "nyctocosm:mobs/death_walker/death_walker"
	},
	"elements": [
		{
			"faces": {
				"north": {"uv": [0, 5.375, 0.3125, 6.625], "texture": "#0"},
				"east": {"uv": [0.3125, 5.375, 0.625, 6.625], "texture": "#0"},
				"south": {"uv": [5.40625, 2.84375, 5.71875, 4.09375], "texture": "#0"},
				"west": {"uv": [2.34375, 5.59375, 2.65625, 6.84375], "texture": "#0"},
				"up": {"uv": [7.375, 2.1875, 7.0625, 1.875], "texture": "#0"},
				"down": {"uv": [2.3125, 7.0625, 2, 7.375], "texture": "#0"}
			},
			"to": [10, 13, 10],
			"from": [6, -3, 6],
			"rotation": {"angle": 0, "axis": "y", "origin": [8, 5, 8]}
		}
	],
	"display": {
		"head": {
			"translation": [0, 5.6, 0],
			"scale": [4, 4, 4],
			"rotation": [0, 0, 0]
		}
	}
}