{
	"credit": "Made by Flubberschnub",
	"texture_size": [256, 256],
	"textures": {
		"0": "nyctocosm:serpent/serpent_tail",
		"particle": "nyctocosm:serpent/serpent_tail"
	},
	"elements": [
		{
			"from": [2.3, 2.3, -16],
			"to": [13.7, 13.7, 8],
			"rotation": {"angle": 0, "axis": "y", "origin": [8, 8, 7.7]},
			"faces": {
				"north": {"uv": [4.125, 6, 4.8125, 6.6875], "texture": "#0"},
				"east": {"uv": [0, 6, 1.5, 6.6875], "texture": "#0"},
				"south": {"uv": [6, 4.125, 6.6875, 4.8125], "texture": "#0"},
				"west": {"uv": [6, 0, 7.5, 0.6875], "texture": "#0"},
				"up": {"uv": [6.6875, 2.1875, 6, 0.6875], "texture": "#0"},
				"down": {"uv": [2.1875, 6, 1.5, 7.5], "texture": "#0"}
			}
		},
		{
			"from": [-16, 8.05, -16],
			"to": [32, 7.95, 32],
			"rotation": {"angle": 0, "axis": "y", "origin": [8, 8, 7.7]},
			"faces": {
				"up": {"uv": [3, 3, 0, 0], "rotation": 270, "texture": "#0"},
				"down": {"uv": [0, 6, 3, 3], "rotation": 270, "texture": "#0"}
			}
		},
		{
			"from": [8.05, -16, -16],
			"to": [7.95, 32, 32],
			"rotation": {"angle": 0, "axis": "z", "origin": [8, 8, 7.7]},
			"faces": {
				"east": {"uv": [6, 0, 3, 3], "texture": "#0"},
				"west": {"uv": [3, 3, 6, 6], "texture": "#0"}
			}
		},
		{
			"from": [4.4, 4.4, 8],
			"to": [11.6, 11.6, 32],
			"rotation": {"angle": 0, "axis": "y", "origin": [8, 8, 28.1]},
			"faces": {
				"north": {"uv": [4.8125, 6, 5.25, 6.4375], "texture": "#0"},
				"east": {"uv": [2.1875, 6, 3.6875, 6.4375], "texture": "#0"},
				"south": {"uv": [6, 4.8125, 6.4375, 5.25], "texture": "#0"},
				"west": {"uv": [6, 2.1875, 7.5, 2.625], "texture": "#0"},
				"up": {"uv": [6.4375, 4.125, 6, 2.625], "texture": "#0"},
				"down": {"uv": [4.125, 6, 3.6875, 7.5], "texture": "#0"}
			}
		}
	],
	"display": {
		"head": {
			"translation": [0, -0.5, 80],
			"scale": [4, 4, 4]
		}
	}
}