{
	"credit": "Made by Flubberschnub",
	"texture_size": [64, 64],
	"textures": {
		"0": "nyctocosm:serpent/serpent_head",
		"particle": "nyctocosm:serpent/serpent_head"
	},
	"elements": [
		{
			"from": [-1.6, -0.83741, 24.32759],
			"to": [17.6, 18.36259, 26.72759],
			"rotation": {"angle": 0, "axis": "y", "origin": [8, 8.76259, 25.22759]},
			"faces": {
				"north": {"uv": [0, 0, 4, 4], "texture": "#0"},
				"east": {"uv": [6, 2, 6.5, 6], "texture": "#0"},
				"south": {"uv": [0, 4, 4, 8], "texture": "#0"},
				"west": {"uv": [4, 6, 4.5, 10], "texture": "#0"},
				"up": {"uv": [10, 6.5, 6, 6], "texture": "#0"},
				"down": {"uv": [10.5, 2, 6.5, 2.5], "texture": "#0"}
			}
		},
		{
			"from": [-2.78493, 7.56259, -8.91455],
			"to": [-0.38493, 9.96259, 7.88545],
			"rotation": {"angle": -22.5, "axis": "y", "origin": [-1.58493, 8.76259, 7.58545]},
			"faces": {
				"north": {"uv": [10.75, 11.25, 11.25, 11.75], "texture": "#0"},
				"east": {"uv": [6.5, 3.5, 10, 4], "texture": "#0"},
				"south": {"uv": [11.25, 11, 11.75, 11.5], "texture": "#0"},
				"west": {"uv": [6.5, 4, 10, 4.5], "texture": "#0"},
				"up": {"uv": [7, 10, 6.5, 6.5], "texture": "#0"},
				"down": {"uv": [5.5, 7, 5, 10.5], "texture": "#0"}
			}
		},
		{
			"from": [-2.80839, 7.56259, 7.40339],
			"to": [-0.40839, 9.96259, 17.60339],
			"rotation": {"angle": 0, "axis": "y", "origin": [-1.60839, 8.76259, 17.30339]},
			"faces": {
				"north": {"uv": [11.25, 10, 11.75, 10.5], "texture": "#0"},
				"east": {"uv": [10, 1.5, 12.125, 2], "texture": "#0"},
				"south": {"uv": [11.25, 10.5, 11.75, 11], "texture": "#0"},
				"west": {"uv": [10, 2.5, 12.125, 3], "texture": "#0"},
				"up": {"uv": [3, 10.625, 2.5, 8.5], "texture": "#0"},
				"down": {"uv": [5, 9.5, 4.5, 11.625], "texture": "#0"}
			}
		},
		{
			"from": [0.2, 7.56259, 16.52759],
			"to": [2.6, 9.96259, 24.92759],
			"rotation": {"angle": 22.5, "axis": "y", "origin": [1.4, 8.76259, 24.62759]},
			"faces": {
				"north": {"uv": [2, 11.25, 2.5, 11.75], "texture": "#0"},
				"east": {"uv": [10.5, 2, 12.25, 2.5], "texture": "#0"},
				"south": {"uv": [2.5, 11.25, 3, 11.75], "texture": "#0"},
				"west": {"uv": [10.5, 4, 12.25, 4.5], "texture": "#0"},
				"up": {"uv": [3.5, 12.25, 3, 10.5], "texture": "#0"},
				"down": {"uv": [4, 10.5, 3.5, 12.25], "texture": "#0"}
			}
		},
		{
			"from": [16.38493, 7.56259, -8.91455],
			"to": [18.78493, 9.96259, 7.88545],
			"rotation": {"angle": 22.5, "axis": "y", "origin": [17.58493, 8.76259, 7.58545]},
			"faces": {
				"north": {"uv": [11.25, 0.5, 11.75, 1], "texture": "#0"},
				"east": {"uv": [6.5, 2.5, 10, 3], "texture": "#0"},
				"south": {"uv": [1.5, 11.25, 2, 11.75], "texture": "#0"},
				"west": {"uv": [6.5, 3, 10, 3.5], "texture": "#0"},
				"up": {"uv": [5, 9.5, 4.5, 6], "texture": "#0"},
				"down": {"uv": [6.5, 6.5, 6, 10], "texture": "#0"}
			}
		},
		{
			"from": [16.40839, 7.56259, 7.40339],
			"to": [18.80839, 9.96259, 17.60339],
			"rotation": {"angle": 0, "axis": "y", "origin": [17.60839, 8.76259, 17.30339]},
			"faces": {
				"north": {"uv": [11, 6.5, 11.5, 7], "texture": "#0"},
				"east": {"uv": [8, 9.5, 10.125, 10], "texture": "#0"},
				"south": {"uv": [11.25, 0, 11.75, 0.5], "texture": "#0"},
				"west": {"uv": [10, 1, 12.125, 1.5], "texture": "#0"},
				"up": {"uv": [2, 10.625, 1.5, 8.5], "texture": "#0"},
				"down": {"uv": [2.5, 8.5, 2, 10.625], "texture": "#0"}
			}
		},
		{
			"from": [13.4, 7.56259, 16.52759],
			"to": [15.8, 9.96259, 24.92759],
			"rotation": {"angle": -22.5, "axis": "y", "origin": [14.6, 8.76259, 24.62759]},
			"faces": {
				"north": {"uv": [0.5, 11, 1, 11.5], "texture": "#0"},
				"east": {"uv": [10.25, 9, 12, 9.5], "texture": "#0"},
				"south": {"uv": [1, 11, 1.5, 11.5], "texture": "#0"},
				"west": {"uv": [10.25, 9.5, 12, 10], "texture": "#0"},
				"up": {"uv": [7.5, 11.75, 7, 10], "texture": "#0"},
				"down": {"uv": [10.75, 10, 10.25, 11.75], "texture": "#0"}
			}
		},
		{
			"from": [6.8, 17.16259, -8.91455],
			"to": [9.2, 19.56259, 7.88545],
			"rotation": {"angle": -22.5, "axis": "x", "origin": [8, 18.36259, 7.58545]},
			"faces": {
				"north": {"uv": [0, 11.5, 0.5, 12], "texture": "#0"},
				"east": {"uv": [6.5, 4.5, 10, 5], "texture": "#0"},
				"south": {"uv": [0.5, 11.5, 1, 12], "texture": "#0"},
				"west": {"uv": [6.5, 5, 10, 5.5], "texture": "#0"},
				"up": {"uv": [6, 10.5, 5.5, 7], "texture": "#0"},
				"down": {"uv": [7.5, 6.5, 7, 10], "texture": "#0"}
			}
		},
		{
			"from": [6.8, 17.18605, 7.40339],
			"to": [9.2, 19.58605, 17.60339],
			"rotation": {"angle": 0, "axis": "y", "origin": [8, 18.38605, 17.30339]},
			"faces": {
				"north": {"uv": [1, 11.5, 1.5, 12], "texture": "#0"},
				"east": {"uv": [10, 3, 12.125, 3.5], "texture": "#0"},
				"south": {"uv": [11.5, 6.5, 12, 7], "texture": "#0"},
				"west": {"uv": [10, 3.5, 12.125, 4], "texture": "#0"},
				"up": {"uv": [4.5, 12.125, 4, 10], "texture": "#0"},
				"down": {"uv": [10.5, 4, 10, 6.125], "texture": "#0"}
			}
		},
		{
			"from": [6.8, 14.17766, 16.52759],
			"to": [9.2, 16.57766, 24.92759],
			"rotation": {"angle": 22.5, "axis": "x", "origin": [8, 15.37766, 24.62759]},
			"faces": {
				"north": {"uv": [11.25, 11.5, 11.75, 12], "texture": "#0"},
				"east": {"uv": [10.5, 4.5, 12.25, 5], "texture": "#0"},
				"south": {"uv": [11.75, 0, 12.25, 0.5], "texture": "#0"},
				"west": {"uv": [10.5, 5, 12.25, 5.5], "texture": "#0"},
				"up": {"uv": [5.5, 12.25, 5, 10.5], "texture": "#0"},
				"down": {"uv": [6, 10.5, 5.5, 12.25], "texture": "#0"}
			}
		},
		{
			"from": [6.8, -2.03741, -8.91455],
			"to": [9.2, 0.36259, 7.88545],
			"rotation": {"angle": 22.5, "axis": "x", "origin": [8, -0.83741, 7.58545]},
			"faces": {
				"north": {"uv": [11.75, 0.5, 12.25, 1], "texture": "#0"},
				"east": {"uv": [6.5, 5.5, 10, 6], "texture": "#0"},
				"south": {"uv": [1.5, 11.75, 2, 12.25], "texture": "#0"},
				"west": {"uv": [7.5, 6.5, 11, 7], "texture": "#0"},
				"up": {"uv": [8, 10.5, 7.5, 7], "texture": "#0"},
				"down": {"uv": [0.5, 8, 0, 11.5], "texture": "#0"}
			}
		},
		{
			"from": [6.8, -2.06087, 7.40339],
			"to": [9.2, 0.33913, 17.60339],
			"rotation": {"angle": 0, "axis": "y", "origin": [8, -0.86087, 17.30339]},
			"faces": {
				"north": {"uv": [2, 11.75, 2.5, 12.25], "texture": "#0"},
				"east": {"uv": [8, 10, 10.125, 10.5], "texture": "#0"},
				"south": {"uv": [2.5, 11.75, 3, 12.25], "texture": "#0"},
				"west": {"uv": [10.25, 8.5, 12.375, 9], "texture": "#0"},
				"up": {"uv": [6.5, 12.125, 6, 10], "texture": "#0"},
				"down": {"uv": [7, 10, 6.5, 12.125], "texture": "#0"}
			}
		},
		{
			"from": [6.8, 0.94752, 16.52759],
			"to": [9.2, 3.34752, 24.92759],
			"rotation": {"angle": -22.5, "axis": "x", "origin": [8, 2.14752, 24.62759]},
			"faces": {
				"north": {"uv": [4.5, 11.75, 5, 12.25], "texture": "#0"},
				"east": {"uv": [10.5, 5.5, 12.25, 6], "texture": "#0"},
				"south": {"uv": [7, 11.75, 7.5, 12.25], "texture": "#0"},
				"west": {"uv": [10.5, 6, 12.25, 6.5], "texture": "#0"},
				"up": {"uv": [8, 12.25, 7.5, 10.5], "texture": "#0"},
				"down": {"uv": [8.5, 10.5, 8, 12.25], "texture": "#0"}
			}
		},
		{
			"from": [14, 5.16259, 1.52759],
			"to": [16.4, 7.56259, 24.92759],
			"rotation": {"angle": -22.5, "axis": "x", "origin": [15.2, 6.36259, 24.62759]},
			"faces": {
				"north": {"uv": [11.75, 7, 12.25, 7.5], "texture": "#0"},
				"east": {"uv": [4, 0, 8.875, 0.5], "texture": "#0"},
				"south": {"uv": [11.75, 7.5, 12.25, 8], "texture": "#0"},
				"west": {"uv": [4, 0.5, 8.875, 1], "texture": "#0"},
				"up": {"uv": [4.5, 5.875, 4, 1], "texture": "#0"},
				"down": {"uv": [5, 1, 4.5, 5.875], "texture": "#0"}
			}
		},
		{
			"from": [14, -3.58605, -8.2548],
			"to": [16.4, -1.18605, 3.7452],
			"rotation": {"angle": 0, "axis": "x", "origin": [15.2, -2.38605, 3.4452]},
			"faces": {
				"north": {"uv": [11.75, 8, 12.25, 8.5], "texture": "#0"},
				"east": {"uv": [0.5, 8, 3, 8.5], "texture": "#0"},
				"south": {"uv": [8.5, 11.75, 9, 12.25], "texture": "#0"},
				"west": {"uv": [8, 7, 10.5, 7.5], "texture": "#0"},
				"up": {"uv": [3.5, 10.5, 3, 8], "texture": "#0"},
				"down": {"uv": [4, 8, 3.5, 10.5], "texture": "#0"}
			}
		},
		{
			"from": [14, -3.72539, -13.31841],
			"to": [16.4, -1.32539, -7.31841],
			"rotation": {"angle": 45, "axis": "x", "origin": [15.2, -2.52539, -7.61841]},
			"faces": {
				"north": {"uv": [9, 11.75, 9.5, 12.25], "texture": "#0"},
				"east": {"uv": [10.5, 7, 11.75, 7.5], "texture": "#0"},
				"south": {"uv": [9.5, 11.75, 10, 12.25], "texture": "#0"},
				"west": {"uv": [10.5, 7.5, 11.75, 8], "texture": "#0"},
				"up": {"uv": [9, 11.75, 8.5, 10.5], "texture": "#0"},
				"down": {"uv": [9.5, 10.5, 9, 11.75], "texture": "#0"}
			}
		},
		{
			"from": [-0.4, 5.16259, 1.52759],
			"to": [2, 7.56259, 24.92759],
			"rotation": {"angle": -22.5, "axis": "x", "origin": [0.8, 6.36259, 24.62759]},
			"faces": {
				"north": {"uv": [10, 11.75, 10.5, 12.25], "texture": "#0"},
				"east": {"uv": [5, 1, 9.875, 1.5], "texture": "#0"},
				"south": {"uv": [11.75, 10, 12.25, 10.5], "texture": "#0"},
				"west": {"uv": [5, 1.5, 9.875, 2], "texture": "#0"},
				"up": {"uv": [5.5, 6.875, 5, 2], "texture": "#0"},
				"down": {"uv": [6, 2, 5.5, 6.875], "texture": "#0"}
			}
		},
		{
			"from": [-0.4, -3.58605, -8.2548],
			"to": [2, -1.18605, 3.7452],
			"rotation": {"angle": 0, "axis": "x", "origin": [0.8, -2.38605, 3.4452]},
			"faces": {
				"north": {"uv": [10.5, 11.75, 11, 12.25], "texture": "#0"},
				"east": {"uv": [8, 7.5, 10.5, 8], "texture": "#0"},
				"south": {"uv": [11.75, 10.5, 12.25, 11], "texture": "#0"},
				"west": {"uv": [8, 8, 10.5, 8.5], "texture": "#0"},
				"up": {"uv": [1, 11, 0.5, 8.5], "texture": "#0"},
				"down": {"uv": [1.5, 8.5, 1, 11], "texture": "#0"}
			}
		},
		{
			"from": [-0.4, -3.72539, -13.31841],
			"to": [2, -1.32539, -7.31841],
			"rotation": {"angle": 45, "axis": "x", "origin": [0.8, -2.52539, -7.61841]},
			"faces": {
				"north": {"uv": [11.75, 11, 12.25, 11.5], "texture": "#0"},
				"east": {"uv": [10.5, 8, 11.75, 8.5], "texture": "#0"},
				"south": {"uv": [11.75, 11.5, 12.25, 12], "texture": "#0"},
				"west": {"uv": [1.5, 10.75, 2.75, 11.25], "texture": "#0"},
				"up": {"uv": [10, 11.75, 9.5, 10.5], "texture": "#0"},
				"down": {"uv": [11.25, 10, 10.75, 11.25], "texture": "#0"}
			}
		},
		{
			"name": "eye",
			"from": [14.00839, 12.96259, -0.39661],
			"to": [14.00839, 15.36259, 10.40339],
			"rotation": {"angle": -22.5, "axis": "x", "origin": [12.80839, 14.16259, 6.50339]},
			"faces": {
				"north": {"uv": [0, 0, 0, 0.5], "texture": "#0"},
				"east": {"uv": [8, 8.5, 10.25, 9], "texture": "#0"},
				"south": {"uv": [0, 0, 0, 0.5], "texture": "#0"},
				"west": {"uv": [9, 0, 11.25, 0.5], "texture": "#0"},
				"up": {"uv": [0, 2.25, 0, 0], "texture": "#0"},
				"down": {"uv": [0, 0, 0, 2.25], "texture": "#0"}
			}
		},
		{
			"name": "eye",
			"from": [1.99161, 12.96259, -0.39661],
			"to": [1.99161, 15.36259, 10.40339],
			"rotation": {"angle": -22.5, "axis": "x", "origin": [3.19161, 14.16259, 6.50339]},
			"faces": {
				"north": {"uv": [0, 0, 0, 0.5], "texture": "#0"},
				"east": {"uv": [9, 0.5, 11.25, 1], "texture": "#0"},
				"south": {"uv": [0, 0, 0, 0.5], "texture": "#0"},
				"west": {"uv": [8, 9, 10.25, 9.5], "texture": "#0"},
				"up": {"uv": [0, 2.25, 0, 0], "texture": "#0"},
				"down": {"uv": [0, 0, 0, 2.25], "texture": "#0"}
			}
		}
	],
	"display": {
		"head": {
			"translation": [0, -4.25, -70],
			"scale": [4, 4, 4]
		}
	},
	"groups": [
		0,
		{
			"name": "mandible",
			"origin": [2.5, 8, 23.5],
			"color": 0,
			"nbt": "{}",
			"armAnimationEnabled": false,
			"children": [1, 2, 3]
		},
		{
			"name": "mandible",
			"origin": [13.5, 8, 23.5],
			"color": 0,
			"nbt": "{}",
			"armAnimationEnabled": false,
			"children": [4, 5, 6]
		},
		{
			"name": "mandible",
			"origin": [21.48744, 8, 23.5],
			"color": 0,
			"nbt": "{}",
			"armAnimationEnabled": false,
			"children": [7, 8, 9]
		},
		{
			"name": "mandible",
			"origin": [21.48744, 8, 23.5],
			"color": 0,
			"nbt": "{}",
			"armAnimationEnabled": false,
			"children": [10, 11, 12]
		},
		{
			"name": "jaw",
			"origin": [14, 2.09335, -3.37167],
			"color": 0,
			"nbt": "{}",
			"armAnimationEnabled": false,
			"children": [13, 14, 15]
		},
		{
			"name": "jaw",
			"origin": [2, 2.09335, -3.37167],
			"color": 0,
			"nbt": "{}",
			"armAnimationEnabled": false,
			"children": [16, 17, 18]
		},
		19,
		20
	]
}