{
	"credit": "Made by Flubberschnub",
	"textures": {
		"0": "nyctocosm:magic/spells/icicle/ice",
		"particle": "nyctocosm:magic/spells/icicle/ice"
	},
	"elements": [
		{
			"from": [5.5, -3, 5.5],
			"to": [10.5, 9, 10.5],
			"rotation": {"angle": 0, "axis": "y", "origin": [8, 15, 8]},
			"faces": {
				"north": {"uv": [0, 8, 5, 0], "texture": "#0"},
				"east": {"uv": [0, 8, 5, 0], "texture": "#0"},
				"south": {"uv": [0, 8, 5, 0], "texture": "#0"},
				"west": {"uv": [0, 8, 5, 0], "texture": "#0"},
				"up": {"uv": [0, 5, 5, 0], "texture": "#0"},
				"down": {"uv": [0, 5, 5, 0], "texture": "#0"}
			}
		},
		{
			"from": [7, 9, 7],
			"to": [9, 18.5, 9],
			"rotation": {"angle": 0, "axis": "y", "origin": [8, 15, 8]},
			"faces": {
				"north": {"uv": [0, 9.5, 2, 0], "texture": "#0"},
				"east": {"uv": [0, 9.5, 2, 0], "texture": "#0"},
				"south": {"uv": [0, 9.5, 2, 0], "texture": "#0"},
				"west": {"uv": [0, 9.5, 2, 0], "texture": "#0"},
				"up": {"uv": [0, 2, 2, 0], "texture": "#0"},
				"down": {"uv": [0, 2, 2, 0], "texture": "#0"}
			}
		},
		{
			"from": [7, 3, 10.5],
			"to": [9, 11, 12.5],
			"rotation": {"angle": 22.5, "axis": "x", "origin": [8, 7.75, 8]},
			"faces": {
				"north": {"uv": [0, 9.5, 2, 0], "texture": "#0"},
				"east": {"uv": [0, 9.5, 2, 0], "texture": "#0"},
				"south": {"uv": [0, 9.5, 2, 0], "texture": "#0"},
				"west": {"uv": [0, 9.5, 2, 0], "texture": "#0"},
				"up": {"uv": [0, 2, 2, 0], "texture": "#0"},
				"down": {"uv": [0, 2, 2, 0], "texture": "#0"}
			}
		},
		{
			"from": [12, 3, 8],
			"to": [14, 8.5, 10],
			"rotation": {"angle": -45, "axis": "z", "origin": [8, 7.75, 8]},
			"faces": {
				"north": {"uv": [0, 9.5, 2, 0], "texture": "#0"},
				"east": {"uv": [0, 9.5, 2, 0], "texture": "#0"},
				"south": {"uv": [0, 9.5, 2, 0], "texture": "#0"},
				"west": {"uv": [0, 9.5, 2, 0], "texture": "#0"},
				"up": {"uv": [0, 2, 2, 0], "texture": "#0"},
				"down": {"uv": [0, 2, 2, 0], "texture": "#0"}
			}
		},
		{
			"from": [2.5, 3, 8],
			"to": [4.5, 8.5, 10],
			"rotation": {"angle": 22.5, "axis": "z", "origin": [8, 7.75, 8]},
			"faces": {
				"north": {"uv": [0, 9.5, 2, 0], "texture": "#0"},
				"east": {"uv": [0, 9.5, 2, 0], "texture": "#0"},
				"south": {"uv": [0, 9.5, 2, 0], "texture": "#0"},
				"west": {"uv": [0, 9.5, 2, 0], "texture": "#0"},
				"up": {"uv": [0, 2, 2, 0], "texture": "#0"},
				"down": {"uv": [0, 2, 2, 0], "texture": "#0"}
			}
		},
		{
			"from": [7.5, -1, 1.5],
			"to": [9.5, 9, 3.5],
			"rotation": {"angle": -22.5, "axis": "x", "origin": [8, 7.75, 8]},
			"faces": {
				"north": {"uv": [0, 9.5, 2, 0], "texture": "#0"},
				"east": {"uv": [0, 9.5, 2, 0], "texture": "#0"},
				"south": {"uv": [0, 9.5, 2, 0], "texture": "#0"},
				"west": {"uv": [0, 9.5, 2, 0], "texture": "#0"},
				"up": {"uv": [0, 2, 2, 0], "rotation": 270, "texture": "#0"},
				"down": {"uv": [0, 2, 2, 0], "rotation": 90, "texture": "#0"}
			}
		}
	],
	"display": {
		"head": {
			"translation": [0, -26.5, 0],
			"scale": [1.6, 1.6, 1.6]
		}
	}
}