{
	"__credit": "Generated using Animated Java (https://animated-java.dev/)",
	"textures": {
		"0": "nyctocosm:items/nullpoint/nullpoint4"
	},
	"elements": [
		{
			"faces": {
				"north": {"uv": [4.5, 2.5, 4.6875, 3.375], "texture": "#0"},
				"east": {"uv": [4.25, 4.75, 4.375, 5.625], "texture": "#0"},
				"south": {"uv": [3, 4.5, 3.1875, 5.375], "texture": "#0"},
				"west": {"uv": [5, 0, 5.125, 0.875], "texture": "#0"},
				"up": {"uv": [5.4375, 2.125, 5.25, 2], "texture": "#0"},
				"down": {"uv": [5.4375, 2.25, 5.25, 2.375], "texture": "#0"}
			},
			"to": [7.92116, 6.41425, 7.17],
			"from": [7.53116, 4.59425, 6.91],
			"rotation": {"angle": -45, "axis": "z", "origin": [7.79116, 5.76425, 7.04]}
		},
		{
			"faces": {
				"north": {"uv": [4.5, 3.5, 5.375, 3.6875], "texture": "#0"},
				"east": {"uv": [5.25, 2.5, 5.375, 2.6875], "texture": "#0"},
				"south": {"uv": [4.5, 3.75, 5.375, 3.9375], "texture": "#0"},
				"west": {"uv": [5.25, 2.75, 5.375, 2.9375], "texture": "#0"},
				"up": {"uv": [5.875, 1.125, 5, 1], "texture": "#0"},
				"down": {"uv": [5.875, 1.25, 5, 1.375], "texture": "#0"}
			},
			"to": [8.61044, 3.74325, 7.17],
			"from": [6.79044, 3.35325, 6.91],
			"rotation": {"angle": -22.5, "axis": "z", "origin": [7.96044, 3.61325, 7.04]}
		},
		{
			"faces": {
				"north": {"uv": [5, 1.5, 5.5, 1.6875], "texture": "#0"},
				"east": {"uv": [5.25, 3, 5.375, 3.1875], "texture": "#0"},
				"south": {"uv": [5, 1.75, 5.5, 1.9375], "texture": "#0"},
				"west": {"uv": [3.25, 5.25, 3.375, 5.4375], "texture": "#0"},
				"up": {"uv": [5, 5.125, 4.5, 5], "texture": "#0"},
				"down": {"uv": [5.5, 4.5, 5, 4.625], "texture": "#0"}
			},
			"to": [9.00465, 6.29149, 7.17],
			"from": [7.96465, 5.90149, 6.91],
			"rotation": {"angle": -22.5, "axis": "z", "origin": [8.61465, 6.03149, 7.04]}
		},
		{
			"faces": {
				"north": {"uv": [5, 2, 5.1875, 2.375], "texture": "#0"},
				"east": {"uv": [5.25, 0, 5.375, 0.375], "texture": "#0"},
				"south": {"uv": [5, 4, 5.1875, 4.375], "texture": "#0"},
				"west": {"uv": [5.25, 0.5, 5.375, 0.875], "texture": "#0"},
				"up": {"uv": [5.4375, 3.375, 5.25, 3.25], "texture": "#0"},
				"down": {"uv": [5.4375, 4, 5.25, 4.125], "texture": "#0"}
			},
			"to": [9.87648, 3.53357, 7.17],
			"from": [9.48648, 2.75357, 6.91],
			"rotation": {"angle": -45, "axis": "z", "origin": [9.61648, 4.64701, 7.04]}
		},
		{
			"faces": {
				"north": {"uv": [3.25, 4.5, 3.4375, 5.125], "texture": "#0"},
				"east": {"uv": [3.5, 5, 3.625, 5.625], "texture": "#0"},
				"south": {"uv": [4, 4.75, 4.1875, 5.375], "texture": "#0"},
				"west": {"uv": [3.75, 5, 3.875, 5.625], "texture": "#0"},
				"up": {"uv": [5.4375, 4.375, 5.25, 4.25], "texture": "#0"},
				"down": {"uv": [4.6875, 5.25, 4.5, 5.375], "texture": "#0"}
			},
			"to": [7.17, 5.12078, 7.17],
			"from": [6.78, 3.82078, 6.91],
			"rotation": {"angle": 0, "axis": "y", "origin": [7.04, 4.04, 7.04]}
		}
	],
	"display": {
		"head": {
			"translation": [0, 5.6, 0],
			"scale": [4, 4, 4],
			"rotation": [0, 0, 0]
		}
	}
}