{
	"__credit": "Generated using Animated Java (https://animated-java.dev/)",
	"textures": {
		"3": "nyctocosm:sorcerer/sorcerer32"
	},
	"elements": [
		{
			"faces": {
				"north": {"uv": [2.375, 7.375, 2.75, 9.0625], "texture": "#3"},
				"east": {"uv": [6.625, 9.875, 6.75, 11.5625], "texture": "#3"},
				"south": {"uv": [7.625, 0, 8, 1.6875], "texture": "#3"},
				"west": {"uv": [0.75, 10, 0.875, 11.6875], "texture": "#3"},
				"up": {"uv": [7.75, 8.125, 7.375, 8], "texture": "#3"},
				"down": {"uv": [7.875, 8.125, 7.5, 8.25], "texture": "#3"}
			},
			"to": [8.2, 5, 8.2],
			"from": [7, -0.4, 7.8],
			"rotation": {"angle": 0, "axis": "y", "origin": [8, 15.8, 9.4]}
		}
	],
	"display": {
		"head": {
			"translation": [0, 5.6, 0],
			"scale": [4, 4, 4],
			"rotation": [0, 0, 0]
		}
	}
}