{
	"__credit": "Generated using Animated Java (https://animated-java.dev/)",
	"textures": {
		"3": "nyctocosm:sorcerer/sorcerer32"
	},
	"elements": [
		{
			"faces": {
				"north": {"uv": [5.5, 5.875, 6.125, 7.6875], "texture": "#3"},
				"east": {"uv": [6.75, 9.375, 6.875, 11.1875], "texture": "#3"},
				"south": {"uv": [1.25, 6.125, 1.875, 7.9375], "texture": "#3"},
				"west": {"uv": [8.5, 9.375, 8.625, 11.1875], "texture": "#3"},
				"up": {"uv": [10.875, 7.625, 10.25, 7.5], "texture": "#3"},
				"down": {"uv": [10.875, 7.625, 10.25, 7.75], "texture": "#3"}
			},
			"to": [9, 5.1, 8.2],
			"from": [7, -0.7, 7.8],
			"rotation": {"angle": 0, "axis": "y", "origin": [8, 21.3, 9.4]}
		}
	],
	"display": {
		"head": {
			"translation": [0, 5.6, 0],
			"scale": [4, 4, 4],
			"rotation": [0, 0, 0]
		}
	}
}