{
	"__credit": "Generated using Animated Java (https://animated-java.dev/)",
	"textures": {
		"3": "nyctocosm:sorcerer/sorcerer32"
	},
	"elements": [
		{
			"faces": {
				"north": {"uv": [6.125, 7.625, 6.5, 9.3125], "texture": "#3"},
				"east": {"uv": [3.5, 10, 3.625, 11.6875], "texture": "#3"},
				"south": {"uv": [6.5, 7.625, 6.875, 9.3125], "texture": "#3"},
				"west": {"uv": [10, 7.375, 10.125, 9.0625], "texture": "#3"},
				"up": {"uv": [10.625, 10.375, 10.25, 10.25], "texture": "#3"},
				"down": {"uv": [0.375, 10.375, 0, 10.5], "texture": "#3"}
			},
			"to": [9, 5, 8.2],
			"from": [7.8, -0.4, 7.8],
			"rotation": {"angle": 0, "axis": "y", "origin": [8, 15.8, 9.4]}
		}
	],
	"display": {
		"head": {
			"translation": [0, 5.6, 0],
			"scale": [4, 4, 4],
			"rotation": [0, 0, 0]
		}
	}
}