{
	"__credit": "Generated using Animated Java (https://animated-java.dev/)",
	"textures": {
		"3": "nyctocosm:sorcerer/sorcerer32"
	},
	"elements": [
		{
			"faces": {
				"north": {"uv": [2.25, 8.75, 2.375, 9.125], "texture": "#3"},
				"east": {"uv": [9.125, 0, 10.125, 0.375], "texture": "#3"},
				"south": {"uv": [9.75, 10.25, 9.875, 10.625], "texture": "#3"},
				"west": {"uv": [9.125, 0.375, 10.125, 0.75], "texture": "#3"},
				"up": {"uv": [10.375, 6.625, 10.25, 5.625], "texture": "#3"},
				"down": {"uv": [6, 10.25, 5.875, 11.25], "texture": "#3"}
			},
			"to": [8.2, 5, 9.6],
			"from": [7.8, 3.8, 6.4],
			"rotation": {"angle": 0, "axis": "y", "origin": [8, 4.3, 8]}
		},
		{
			"faces": {
				"north": {"uv": [1.75, 8.5, 1.875, 8.75], "texture": "#3"},
				"east": {"uv": [9.125, 6.875, 10.5, 7.125], "texture": "#3"},
				"south": {"uv": [8.5, 6.25, 8.625, 6.5], "texture": "#3"},
				"west": {"uv": [9.125, 7.125, 10.5, 7.375], "texture": "#3"},
				"up": {"uv": [5.625, 11.5, 5.5, 10.125], "texture": "#3"},
				"down": {"uv": [7.25, 10.125, 7.125, 11.5], "texture": "#3"}
			},
			"to": [8.2, 3.8, 9.6],
			"from": [7.8, 3, 5.2],
			"rotation": {"angle": 0, "axis": "y", "origin": [8, 4.3, 8]}
		}
	],
	"display": {
		"head": {
			"translation": [0, 5.6, 0],
			"scale": [4, 4, 4],
			"rotation": [0, 0, 0]
		}
	}
}