{
	"__credit": "Generated using Animated Java (https://animated-java.dev/)",
	"textures": {
		"3": "nyctocosm:sorcerer/sorcerer32"
	},
	"elements": [
		{
			"faces": {
				"north": {"uv": [10.125, 9, 10.875, 9.125], "texture": "#3"},
				"east": {"uv": [10.125, 8.75, 11.125, 8.875], "texture": "#3"},
				"south": {"uv": [10.25, 3.875, 11, 4], "texture": "#3"},
				"west": {"uv": [10.125, 8.875, 11.125, 9], "texture": "#3"},
				"up": {"uv": [3.5, 7.125, 2.75, 6.125], "texture": "#3"},
				"down": {"uv": [4.25, 6.25, 3.5, 7.25], "texture": "#3"}
			},
			"to": [9.2, 5.2, 8.1],
			"from": [6.8, 4.8, 4.9],
			"rotation": {"angle": 0, "axis": "y", "origin": [8, 5, 5.4]}
		}
	],
	"display": {
		"head": {
			"translation": [0, 5.6, 0],
			"scale": [4, 4, 4],
			"rotation": [0, 0, 0]
		}
	}
}