{
	"__credit": "Generated using Animated Java (https://animated-java.dev/)",
	"textures": {
		"3": "nyctocosm:sorcerer/sorcerer32"
	},
	"elements": [
		{
			"faces": {
				"north": {"uv": [7.25, 10.125, 7.375, 11.5], "texture": "#3"},
				"east": {"uv": [3.875, 7.25, 4.375, 8.625], "texture": "#3"},
				"south": {"uv": [7.375, 10.125, 7.5, 11.5], "texture": "#3"},
				"west": {"uv": [4.375, 7.25, 4.875, 8.625], "texture": "#3"},
				"up": {"uv": [10, 6.75, 9.875, 6.25], "texture": "#3"},
				"down": {"uv": [6.375, 10.25, 6.25, 10.75], "texture": "#3"}
			},
			"to": [8.2, 5.1, 9],
			"from": [7.8, 0.7, 7.4],
			"rotation": {"angle": 0, "axis": "y", "origin": [10.2, 15.9, 7.6]}
		}
	],
	"display": {
		"head": {
			"translation": [0, 5.6, 0],
			"scale": [4, 4, 4],
			"rotation": [0, 0, 0]
		}
	}
}