{
	"__credit": "Generated using Animated Java (https://animated-java.dev/)",
	"textures": {
		"3": "nyctocosm:sorcerer/sorcerer32"
	},
	"elements": [
		{
			"faces": {
				"north": {"uv": [2.75, 10.125, 2.875, 11.625], "texture": "#3"},
				"east": {"uv": [2.75, 7.125, 3.25, 8.625], "texture": "#3"},
				"south": {"uv": [2.875, 10.125, 3, 11.625], "texture": "#3"},
				"west": {"uv": [0, 7.25, 0.5, 8.75], "texture": "#3"},
				"up": {"uv": [9.625, 10.75, 9.5, 10.25], "texture": "#3"},
				"down": {"uv": [9.75, 10.25, 9.625, 10.75], "texture": "#3"}
			},
			"to": [8.2, 5.1, 9],
			"from": [7.8, 0.3, 7.4],
			"rotation": {"angle": 0, "axis": "y", "origin": [5.8, 21.3, 7.6]}
		}
	],
	"display": {
		"head": {
			"translation": [0, 5.6, 0],
			"scale": [4, 4, 4],
			"rotation": [0, 0, 0]
		}
	}
}