{
	"__credit": "Generated using Animated Java (https://animated-java.dev/)",
	"textures": {
		"0": "nyctocosm:items/nullpoint/nullpoint4"
	},
	"elements": [
		{
			"faces": {
				"north": {"uv": [3, 4, 3.5, 4.5], "texture": "#0"},
				"east": {"uv": [4, 3.75, 4.5, 4.25], "texture": "#0"},
				"south": {"uv": [4, 4.25, 4.5, 4.75], "texture": "#0"},
				"west": {"uv": [4.5, 0, 5, 0.5], "texture": "#0"},
				"up": {"uv": [5, 1, 4.5, 0.5], "texture": "#0"},
				"down": {"uv": [5, 1, 4.5, 1.5], "texture": "#0"}
			},
			"to": [8.52, -2.29209, 8.61596],
			"from": [7.48, -3.33209, 7.57596],
			"rotation": {"angle": 0, "axis": "y", "origin": [8, -2.81209, 8.35596]}
		},
		{
			"faces": {
				"north": {"uv": [3.25, 4.5, 3.4375, 5.125], "texture": "#0"},
				"east": {"uv": [3.5, 5, 3.625, 5.625], "texture": "#0"},
				"south": {"uv": [4, 4.75, 4.1875, 5.375], "texture": "#0"},
				"west": {"uv": [3.75, 5, 3.875, 5.625], "texture": "#0"},
				"up": {"uv": [5.4375, 4.375, 5.25, 4.25], "texture": "#0"},
				"down": {"uv": [4.6875, 5.25, 4.5, 5.375], "texture": "#0"}
			},
			"to": [6.99537, -2.43133, 8.22596],
			"from": [6.60537, -3.73133, 7.96596],
			"rotation": {"angle": 0, "axis": "y", "origin": [6.86537, -3.51211, 8.09596]}
		},
		{
			"faces": {
				"north": {"uv": [5, 2, 5.1875, 2.375], "texture": "#0"},
				"east": {"uv": [5.25, 0, 5.375, 0.375], "texture": "#0"},
				"south": {"uv": [5, 4, 5.1875, 4.375], "texture": "#0"},
				"west": {"uv": [5.25, 0.5, 5.375, 0.875], "texture": "#0"},
				"up": {"uv": [5.4375, 3.375, 5.25, 3.25], "texture": "#0"},
				"down": {"uv": [5.4375, 4, 5.25, 4.125], "texture": "#0"}
			},
			"to": [9.70185, -4.01855, 8.22596],
			"from": [9.31185, -4.79855, 7.96596],
			"rotation": {"angle": -45, "axis": "z", "origin": [9.44185, -2.9051, 8.09596]}
		},
		{
			"faces": {
				"north": {"uv": [5, 1.5, 5.5, 1.6875], "texture": "#0"},
				"east": {"uv": [5.25, 3, 5.375, 3.1875], "texture": "#0"},
				"south": {"uv": [5, 1.75, 5.5, 1.9375], "texture": "#0"},
				"west": {"uv": [3.25, 5.25, 3.375, 5.4375], "texture": "#0"},
				"up": {"uv": [5, 5.125, 4.5, 5], "texture": "#0"},
				"down": {"uv": [5.5, 4.5, 5, 4.625], "texture": "#0"}
			},
			"to": [8.83002, -1.26063, 8.22596],
			"from": [7.79002, -1.65063, 7.96596],
			"rotation": {"angle": -22.5, "axis": "z", "origin": [8.44002, -1.52063, 8.09596]}
		},
		{
			"faces": {
				"north": {"uv": [4.5, 3.5, 5.375, 3.6875], "texture": "#0"},
				"east": {"uv": [5.25, 2.5, 5.375, 2.6875], "texture": "#0"},
				"south": {"uv": [4.5, 3.75, 5.375, 3.9375], "texture": "#0"},
				"west": {"uv": [5.25, 2.75, 5.375, 2.9375], "texture": "#0"},
				"up": {"uv": [5.875, 1.125, 5, 1], "texture": "#0"},
				"down": {"uv": [5.875, 1.25, 5, 1.375], "texture": "#0"}
			},
			"to": [8.43581, -3.80886, 8.22596],
			"from": [6.61581, -4.19886, 7.96596],
			"rotation": {"angle": -22.5, "axis": "z", "origin": [7.78581, -3.93886, 8.09596]}
		},
		{
			"faces": {
				"north": {"uv": [4.5, 2.5, 4.6875, 3.375], "texture": "#0"},
				"east": {"uv": [4.25, 4.75, 4.375, 5.625], "texture": "#0"},
				"south": {"uv": [3, 4.5, 3.1875, 5.375], "texture": "#0"},
				"west": {"uv": [5, 0, 5.125, 0.875], "texture": "#0"},
				"up": {"uv": [5.4375, 2.125, 5.25, 2], "texture": "#0"},
				"down": {"uv": [5.4375, 2.25, 5.25, 2.375], "texture": "#0"}
			},
			"to": [7.74653, -1.13787, 8.22596],
			"from": [7.35653, -2.95787, 7.96596],
			"rotation": {"angle": -45, "axis": "z", "origin": [7.61653, -1.78787, 8.09596]}
		},
		{
			"faces": {
				"north": {"uv": [3.5, 3.75, 3.875, 5], "texture": "#0"},
				"east": {"uv": [4, 0, 4.375, 1.25], "texture": "#0"},
				"south": {"uv": [4, 1.25, 4.375, 2.5], "texture": "#0"},
				"west": {"uv": [4, 2.5, 4.375, 3.75], "texture": "#0"},
				"up": {"uv": [5.125, 2.875, 4.75, 2.5], "texture": "#0"},
				"down": {"uv": [5.125, 3, 4.75, 3.375], "texture": "#0"}
			},
			"to": [8.39, 5.50791, 8.48596],
			"from": [7.61, 2.90791, 7.70596],
			"rotation": {"angle": 0, "axis": "y", "origin": [7.48, 1.08791, 7.57596]}
		},
		{
			"faces": {
				"north": {"uv": [5.5, 0, 5.875, 0.375], "texture": "#0"},
				"east": {"uv": [5.5, 0.5, 5.875, 0.875], "texture": "#0"},
				"south": {"uv": [6, 1.5, 6.375, 1.875], "texture": "#0"},
				"west": {"uv": [6, 2, 6.375, 2.375], "texture": "#0"},
				"up": {"uv": [6.375, 2.875, 6, 2.5], "texture": "#0"},
				"down": {"uv": [6.375, 3, 6, 3.375], "texture": "#0"}
			},
			"to": [8.39, -0.47209, 8.48596],
			"from": [7.61, -1.25209, 7.70596],
			"rotation": {"angle": 0, "axis": "y", "origin": [7.48, 1.08791, 7.57596]}
		},
		{
			"faces": {
				"north": {"uv": [2, 2.75, 2.25, 10.375], "texture": "#0"},
				"east": {"uv": [2.25, 2.75, 2.5, 10.375], "texture": "#0"},
				"south": {"uv": [2.5, 2.75, 2.75, 10.375], "texture": "#0"},
				"west": {"uv": [2.75, 2.75, 3, 10.375], "texture": "#0"},
				"up": {"uv": [5.25, 5, 5, 4.75], "texture": "#0"},
				"down": {"uv": [5.25, 5, 5, 5.25], "texture": "#0"}
			},
			"to": [8.26, 14.34791, 8.35596],
			"from": [7.74, -1.51209, 7.83596],
			"rotation": {"angle": 0, "axis": "y", "origin": [7.48, 1.08791, 7.57596]}
		},
		{
			"faces": {
				"north": {"uv": [0, 0, 0, 7.625], "texture": "#0"},
				"east": {"uv": [5.75, 7, 6.25, 14.625], "texture": "#0"},
				"south": {"uv": [0, 0, 0, 7.625], "texture": "#0"},
				"west": {"uv": [6.25, 7, 6.75, 14.625], "texture": "#0"},
				"up": {"uv": [0, 0.5, 0, 0], "texture": "#0"},
				"down": {"uv": [0, 0, 0, 0.5], "texture": "#0"}
			},
			"to": [7.48, 14.34791, 8.61596],
			"from": [7.48, -1.51209, 7.57596],
			"rotation": {"angle": 0, "axis": "y", "origin": [7.48, 1.08791, 7.57596]}
		},
		{
			"faces": {
				"north": {"uv": [7, 3.25, 7.5, 10.875], "texture": "#0"},
				"south": {"uv": [5.25, 7, 5.75, 14.625], "texture": "#0"}
			},
			"to": [8.52, 14.34791, 8.61596],
			"from": [7.48, -1.51209, 8.61596],
			"rotation": {"angle": 0, "axis": "y", "origin": [7.48, 1.08791, 7.57596]}
		},
		{
			"faces": {
				"north": {"uv": [0, 0, 0, 7.625], "texture": "#0"},
				"east": {"uv": [3.5, 7.25, 4, 14.875], "texture": "#0"},
				"south": {"uv": [0, 0, 0, 7.625], "texture": "#0"},
				"west": {"uv": [4, 7.25, 4.5, 14.875], "texture": "#0"},
				"up": {"uv": [0, 0.5, 0, 0], "texture": "#0"},
				"down": {"uv": [0, 0, 0, 0.5], "texture": "#0"}
			},
			"to": [8.52, 14.34791, 8.61596],
			"from": [8.52, -1.51209, 7.57596],
			"rotation": {"angle": 0, "axis": "y", "origin": [7.48, 1.08791, 7.57596]}
		},
		{
			"faces": {
				"north": {"uv": [0, 2.75, 0.5, 10.375], "texture": "#0"},
				"east": {"uv": [0.5, 2.75, 1, 10.375], "texture": "#0"},
				"south": {"uv": [1, 2.75, 1.5, 10.375], "texture": "#0"},
				"west": {"uv": [1.5, 2.75, 2, 10.375], "texture": "#0"},
				"up": {"uv": [5, 2, 4.5, 1.5], "texture": "#0"},
				"down": {"uv": [5, 2, 4.5, 2.5], "texture": "#0"}
			},
			"to": [8.52, 14.34791, 7.57596],
			"from": [7.48, -1.51209, 7.57596],
			"rotation": {"angle": 0, "axis": "y", "origin": [7.48, 1.08791, 7.57596]}
		}
	],
	"display": {
		"head": {
			"translation": [0, 5.6, 0],
			"scale": [4, 4, 4],
			"rotation": [0, 0, 0]
		}
	}
}