{
	"__credit": "Generated using Animated Java (https://animated-java.dev/)",
	"textures": {
		"3": "nyctocosm:sorcerer/sorcerer32"
	},
	"elements": [
		{
			"faces": {
				"north": {"uv": [10.125, 7.375, 10.25, 8.75], "texture": "#3"},
				"east": {"uv": [1.875, 7.375, 2.375, 8.75], "texture": "#3"},
				"south": {"uv": [8.625, 10.125, 8.75, 11.5], "texture": "#3"},
				"west": {"uv": [7.375, 6.625, 7.875, 8], "texture": "#3"},
				"up": {"uv": [10.375, 8.25, 10.25, 7.75], "texture": "#3"},
				"down": {"uv": [10.375, 8.25, 10.25, 8.75], "texture": "#3"}
			},
			"to": [8.2, 5.1, 9],
			"from": [7.8, 0.7, 7.4],
			"rotation": {"angle": 0, "axis": "y", "origin": [5.8, 15.9, 7.6]}
		}
	],
	"display": {
		"head": {
			"translation": [0, 5.6, 0],
			"scale": [4, 4, 4],
			"rotation": [0, 0, 0]
		}
	}
}