{
	"__credit": "Generated using Animated Java (https://animated-java.dev/)",
	"textures": {
		"0": "nyctocosm:items/nullpoint/nullpoint4"
	},
	"elements": [
		{
			"faces": {
				"north": {"uv": [0, 0, 0, 7.625], "texture": "#0"},
				"east": {"uv": [5.75, 7, 6.25, 14.625], "texture": "#0"},
				"south": {"uv": [0, 0, 0, 7.625], "texture": "#0"},
				"west": {"uv": [6.25, 7, 6.75, 14.625], "texture": "#0"},
				"up": {"uv": [0, 0.5, 0, 0], "texture": "#0"},
				"down": {"uv": [0, 0, 0, 0.5], "texture": "#0"}
			},
			"to": [7.04, 17.3, 8.08],
			"from": [7.04, 1.44, 7.04],
			"rotation": {"angle": 0, "axis": "y", "origin": [7.04, 4.04, 7.04]}
		},
		{
			"faces": {
				"north": {"uv": [7, 3.25, 7.5, 10.875], "texture": "#0"},
				"south": {"uv": [5.25, 7, 5.75, 14.625], "texture": "#0"}
			},
			"to": [8.08, 17.3, 8.08],
			"from": [7.04, 1.44, 8.08],
			"rotation": {"angle": 0, "axis": "y", "origin": [7.04, 4.04, 7.04]}
		},
		{
			"faces": {
				"north": {"uv": [0, 0, 0, 7.625], "texture": "#0"},
				"east": {"uv": [3.5, 7.25, 4, 14.875], "texture": "#0"},
				"south": {"uv": [0, 0, 0, 7.625], "texture": "#0"},
				"west": {"uv": [4, 7.25, 4.5, 14.875], "texture": "#0"},
				"up": {"uv": [0, 0.5, 0, 0], "texture": "#0"},
				"down": {"uv": [0, 0, 0, 0.5], "texture": "#0"}
			},
			"to": [8.08, 17.3, 8.08],
			"from": [8.08, 1.44, 7.04],
			"rotation": {"angle": 0, "axis": "y", "origin": [7.04, 4.04, 7.04]}
		},
		{
			"faces": {
				"north": {"uv": [0, 2.75, 0.5, 10.375], "texture": "#0"},
				"east": {"uv": [0.5, 2.75, 1, 10.375], "texture": "#0"},
				"south": {"uv": [1, 2.75, 1.5, 10.375], "texture": "#0"},
				"west": {"uv": [1.5, 2.75, 2, 10.375], "texture": "#0"},
				"up": {"uv": [5, 2, 4.5, 1.5], "texture": "#0"},
				"down": {"uv": [5, 2, 4.5, 2.5], "texture": "#0"}
			},
			"to": [8.08, 17.3, 7.04],
			"from": [7.04, 1.44, 7.04],
			"rotation": {"angle": 0, "axis": "y", "origin": [7.04, 4.04, 7.04]}
		}
	],
	"display": {
		"head": {
			"translation": [0, 5.6, 0],
			"scale": [4, 4, 4],
			"rotation": [0, 0, 0]
		}
	}
}