{
	"__credit": "Generated using Animated Java (https://animated-java.dev/)",
	"textures": {
		"3": "nyctocosm:sorcerer/sorcerer32"
	},
	"elements": [
		{
			"faces": {
				"north": {"uv": [1.375, 3.625, 3, 4.875], "texture": "#3"},
				"east": {"uv": [6, 0, 6.875, 1.25], "texture": "#3"},
				"south": {"uv": [4.375, 0, 6, 1.25], "texture": "#3"},
				"west": {"uv": [1.875, 6.125, 2.75, 7.375], "texture": "#3"},
				"up": {"uv": [7.125, 5.875, 5.5, 5], "texture": "#3"},
				"down": {"uv": [7.375, 1.25, 5.75, 2.125], "texture": "#3"}
			},
			"to": [10.6, 11.5, 9.25],
			"from": [5.4, 7.5, 6.45],
			"rotation": {"angle": 0, "axis": "y", "origin": [8, 15.5, 7.85]}
		},
		{
			"faces": {
				"north": {"uv": [5.75, 2.125, 7.25, 3], "texture": "#3"},
				"east": {"uv": [7.875, 6.5, 8.5625, 7.375], "texture": "#3"},
				"south": {"uv": [5.75, 3, 7.25, 3.875], "texture": "#3"},
				"west": {"uv": [7.875, 7.375, 8.5625, 8.25], "texture": "#3"},
				"up": {"uv": [7.25, 4.5625, 5.75, 3.875], "texture": "#3"},
				"down": {"uv": [7.625, 5.875, 6.125, 6.5625], "texture": "#3"}
			},
			"to": [10.4, 7.5, 9.25],
			"from": [5.6, 4.7, 7.05],
			"rotation": {"angle": 0, "axis": "y", "origin": [8, 15.5, 7.85]}
		}
	],
	"display": {
		"head": {
			"translation": [0, 5.6, 0],
			"scale": [4, 4, 4],
			"rotation": [0, 0, 0]
		}
	}
}