{
	"__credit": "Generated using Animated Java (https://animated-java.dev/)",
	"textures": {
		"0": "nyctocosm:items/nullpoint/nullpoint4"
	},
	"elements": [
		{
			"faces": {
				"north": {"uv": [0, 0, 1.75, 2.75], "texture": "#0"},
				"east": {"uv": [0, 0, 0, 2.75], "texture": "#0"},
				"south": {"uv": [1.75, 0, 3.5, 2.75], "texture": "#0"},
				"west": {"uv": [0, 0, 0, 2.75], "texture": "#0"},
				"up": {"uv": [1.75, 0, 0, 0], "texture": "#0"},
				"down": {"uv": [1.75, 0, 0, 0], "texture": "#0"}
			},
			"to": [9.82, 17.87, 8],
			"from": [6.18, 12.15, 8],
			"rotation": {"angle": 0, "axis": "y", "origin": [7.48, -1.11, 7.48]}
		},
		{
			"faces": {
				"north": {"uv": [3.25, 4.5, 3.4375, 5.125], "texture": "#0"},
				"east": {"uv": [3.5, 5, 3.625, 5.625], "texture": "#0"},
				"south": {"uv": [4, 4.75, 4.1875, 5.375], "texture": "#0"},
				"west": {"uv": [3.75, 5, 3.875, 5.625], "texture": "#0"},
				"up": {"uv": [5.4375, 4.375, 5.25, 4.25], "texture": "#0"},
				"down": {"uv": [4.6875, 5.25, 4.5, 5.375], "texture": "#0"}
			},
			"to": [6.99537, -4.62924, 8.13],
			"from": [6.60537, -5.92924, 7.87],
			"rotation": {"angle": 0, "axis": "y", "origin": [6.86537, -5.71002, 8]}
		},
		{
			"faces": {
				"north": {"uv": [5, 2, 5.1875, 2.375], "texture": "#0"},
				"east": {"uv": [5.25, 0, 5.375, 0.375], "texture": "#0"},
				"south": {"uv": [5, 4, 5.1875, 4.375], "texture": "#0"},
				"west": {"uv": [5.25, 0.5, 5.375, 0.875], "texture": "#0"},
				"up": {"uv": [5.4375, 3.375, 5.25, 3.25], "texture": "#0"},
				"down": {"uv": [5.4375, 4, 5.25, 4.125], "texture": "#0"}
			},
			"to": [9.70185, -6.21645, 8.13],
			"from": [9.31185, -6.99645, 7.87],
			"rotation": {"angle": -45, "axis": "z", "origin": [9.44185, -5.10301, 8]}
		},
		{
			"faces": {
				"north": {"uv": [5, 1.5, 5.5, 1.6875], "texture": "#0"},
				"east": {"uv": [5.25, 3, 5.375, 3.1875], "texture": "#0"},
				"south": {"uv": [5, 1.75, 5.5, 1.9375], "texture": "#0"},
				"west": {"uv": [3.25, 5.25, 3.375, 5.4375], "texture": "#0"},
				"up": {"uv": [5, 5.125, 4.5, 5], "texture": "#0"},
				"down": {"uv": [5.5, 4.5, 5, 4.625], "texture": "#0"}
			},
			"to": [8.83002, -3.45853, 8.13],
			"from": [7.79002, -3.84853, 7.87],
			"rotation": {"angle": -22.5, "axis": "z", "origin": [8.44002, -3.71853, 8]}
		},
		{
			"faces": {
				"north": {"uv": [4.5, 3.5, 5.375, 3.6875], "texture": "#0"},
				"east": {"uv": [5.25, 2.5, 5.375, 2.6875], "texture": "#0"},
				"south": {"uv": [4.5, 3.75, 5.375, 3.9375], "texture": "#0"},
				"west": {"uv": [5.25, 2.75, 5.375, 2.9375], "texture": "#0"},
				"up": {"uv": [5.875, 1.125, 5, 1], "texture": "#0"},
				"down": {"uv": [5.875, 1.25, 5, 1.375], "texture": "#0"}
			},
			"to": [8.43581, -6.00677, 8.13],
			"from": [6.61581, -6.39677, 7.87],
			"rotation": {"angle": -22.5, "axis": "z", "origin": [7.78581, -6.13677, 8]}
		},
		{
			"faces": {
				"north": {"uv": [4.5, 2.5, 4.6875, 3.375], "texture": "#0"},
				"east": {"uv": [4.25, 4.75, 4.375, 5.625], "texture": "#0"},
				"south": {"uv": [3, 4.5, 3.1875, 5.375], "texture": "#0"},
				"west": {"uv": [5, 0, 5.125, 0.875], "texture": "#0"},
				"up": {"uv": [5.4375, 2.125, 5.25, 2], "texture": "#0"},
				"down": {"uv": [5.4375, 2.25, 5.25, 2.375], "texture": "#0"}
			},
			"to": [7.74653, -3.33577, 8.13],
			"from": [7.35653, -5.15577, 7.87],
			"rotation": {"angle": -45, "axis": "z", "origin": [7.61653, -3.98577, 8]}
		},
		{
			"faces": {
				"north": {"uv": [3.5, 3.75, 3.875, 5], "texture": "#0"},
				"east": {"uv": [4, 0, 4.375, 1.25], "texture": "#0"},
				"south": {"uv": [4, 1.25, 4.375, 2.5], "texture": "#0"},
				"west": {"uv": [4, 2.5, 4.375, 3.75], "texture": "#0"},
				"up": {"uv": [5.125, 2.875, 4.75, 2.5], "texture": "#0"},
				"down": {"uv": [5.125, 3, 4.75, 3.375], "texture": "#0"}
			},
			"to": [8.39, 3.31, 8.39],
			"from": [7.61, 0.71, 7.61],
			"rotation": {"angle": 0, "axis": "y", "origin": [7.48, -1.11, 7.48]}
		},
		{
			"faces": {
				"north": {"uv": [5.5, 0, 5.875, 0.375], "texture": "#0"},
				"east": {"uv": [5.5, 0.5, 5.875, 0.875], "texture": "#0"},
				"south": {"uv": [6, 1.5, 6.375, 1.875], "texture": "#0"},
				"west": {"uv": [6, 2, 6.375, 2.375], "texture": "#0"},
				"up": {"uv": [6.375, 2.875, 6, 2.5], "texture": "#0"},
				"down": {"uv": [6.375, 3, 6, 3.375], "texture": "#0"}
			},
			"to": [8.39, -2.67, 8.39],
			"from": [7.61, -3.45, 7.61],
			"rotation": {"angle": 0, "axis": "y", "origin": [7.48, -1.11, 7.48]}
		},
		{
			"faces": {
				"north": {"uv": [2, 2.75, 2.25, 10.375], "texture": "#0"},
				"east": {"uv": [2.25, 2.75, 2.5, 10.375], "texture": "#0"},
				"south": {"uv": [2.5, 2.75, 2.75, 10.375], "texture": "#0"},
				"west": {"uv": [2.75, 2.75, 3, 10.375], "texture": "#0"},
				"up": {"uv": [5.25, 5, 5, 4.75], "texture": "#0"},
				"down": {"uv": [5.25, 5, 5, 5.25], "texture": "#0"}
			},
			"to": [8.26, 12.15, 8.26],
			"from": [7.74, -3.71, 7.74],
			"rotation": {"angle": 0, "axis": "y", "origin": [7.48, -1.11, 7.48]}
		},
		{
			"faces": {
				"north": {"uv": [6.5, 1.5, 6.625, 2], "texture": "#0"},
				"east": {"uv": [6.5, 2, 6.625, 2.5], "texture": "#0"},
				"south": {"uv": [6.5, 2.5, 6.625, 3], "texture": "#0"},
				"west": {"uv": [6.5, 3, 6.625, 3.5], "texture": "#0"},
				"up": {"uv": [6.625, 5.875, 6.5, 5.75], "texture": "#0"},
				"down": {"uv": [6.625, 6, 6.5, 6.125], "texture": "#0"}
			},
			"to": [6.91269, 12.39334, 8.13],
			"from": [6.65269, 11.35334, 7.87],
			"rotation": {"angle": -45, "axis": "z", "origin": [6.78269, 11.09334, 7.74]}
		},
		{
			"faces": {
				"north": {"uv": [5.75, 3.75, 5.875, 5.25], "texture": "#0"},
				"east": {"uv": [4.25, 5.75, 4.375, 7.25], "texture": "#0"},
				"south": {"uv": [5.75, 5.25, 5.875, 6.75], "texture": "#0"},
				"west": {"uv": [6, 0, 6.125, 1.5], "texture": "#0"},
				"up": {"uv": [6.625, 5.375, 6.5, 5.25], "texture": "#0"},
				"down": {"uv": [6.625, 5.5, 6.5, 5.625], "texture": "#0"}
			},
			"to": [7.13461, 11.36911, 8.13],
			"from": [6.87461, 8.24911, 7.87],
			"rotation": {"angle": 0, "axis": "y", "origin": [7.00461, 10.06911, 7.74]}
		},
		{
			"faces": {
				"north": {"uv": [6.25, 0, 6.375, 0.625], "texture": "#0"},
				"east": {"uv": [6.25, 0.75, 6.375, 1.375], "texture": "#0"},
				"south": {"uv": [6.25, 4.5, 6.375, 5.125], "texture": "#0"},
				"west": {"uv": [6.25, 5.25, 6.375, 5.875], "texture": "#0"},
				"up": {"uv": [6.625, 4.875, 6.5, 4.75], "texture": "#0"},
				"down": {"uv": [6.625, 5, 6.5, 5.125], "texture": "#0"}
			},
			"to": [5.8096, 7.80797, 8.13],
			"from": [5.5496, 6.50797, 7.87],
			"rotation": {"angle": 45, "axis": "z", "origin": [5.6796, 9.62797, 7.74]}
		},
		{
			"faces": {
				"north": {"uv": [5.5, 3.75, 5.625, 4.375], "texture": "#0"},
				"east": {"uv": [6, 4.5, 6.125, 5.125], "texture": "#0"},
				"south": {"uv": [6, 5.25, 6.125, 5.875], "texture": "#0"},
				"west": {"uv": [6, 6, 6.125, 6.625], "texture": "#0"},
				"up": {"uv": [6.625, 4.375, 6.5, 4.25], "texture": "#0"},
				"down": {"uv": [6.625, 4.5, 6.5, 4.625], "texture": "#0"}
			},
			"to": [10.4504, 7.80797, 8.13],
			"from": [10.1904, 6.50797, 7.87],
			"rotation": {"angle": -45, "axis": "z", "origin": [10.3204, 9.62797, 7.74]}
		},
		{
			"faces": {
				"north": {"uv": [4, 5.5, 4.125, 7], "texture": "#0"},
				"east": {"uv": [4.5, 5.5, 4.625, 7], "texture": "#0"},
				"south": {"uv": [3.5, 5.75, 3.625, 7.25], "texture": "#0"},
				"west": {"uv": [3.75, 5.75, 3.875, 7.25], "texture": "#0"},
				"up": {"uv": [6.625, 3.875, 6.5, 3.75], "texture": "#0"},
				"down": {"uv": [6.625, 4, 6.5, 4.125], "texture": "#0"}
			},
			"to": [9.12539, 11.36911, 8.13],
			"from": [8.86539, 8.24911, 7.87],
			"rotation": {"angle": 0, "axis": "y", "origin": [8.99539, 10.06911, 7.74]}
		},
		{
			"faces": {
				"north": {"uv": [6.25, 6, 6.375, 6.5], "texture": "#0"},
				"east": {"uv": [6.5, 0, 6.625, 0.5], "texture": "#0"},
				"south": {"uv": [6.5, 0.5, 6.625, 1], "texture": "#0"},
				"west": {"uv": [6.5, 1, 6.625, 1.5], "texture": "#0"},
				"up": {"uv": [5.625, 4.625, 5.5, 4.5], "texture": "#0"},
				"down": {"uv": [6.625, 3.5, 6.5, 3.625], "texture": "#0"}
			},
			"to": [9.34731, 12.39334, 8.13],
			"from": [9.08731, 11.35334, 7.87],
			"rotation": {"angle": 45, "axis": "z", "origin": [9.21731, 11.09334, 7.74]}
		},
		{
			"faces": {
				"north": {"uv": [4.75, 5.25, 5.125, 7.5], "texture": "#0"},
				"east": {"uv": [5.25, 4.75, 5.625, 7], "texture": "#0"},
				"south": {"uv": [5.5, 1.5, 5.875, 3.75], "texture": "#0"},
				"west": {"uv": [3, 5.5, 3.375, 7.75], "texture": "#0"},
				"up": {"uv": [6.375, 3.875, 6, 3.5], "texture": "#0"},
				"down": {"uv": [6.375, 4, 6, 4.375], "texture": "#0"}
			},
			"to": [8.39, 12.15, 8.39],
			"from": [7.61, 7.47, 7.61],
			"rotation": {"angle": 0, "axis": "y", "origin": [7.48, -1.11, 7.48]}
		},
		{
			"faces": {
				"north": {"uv": [0, 2.75, 0.5, 10.375], "texture": "#0"},
				"east": {"uv": [0.5, 2.75, 1, 10.375], "texture": "#0"},
				"south": {"uv": [1, 2.75, 1.5, 10.375], "texture": "#0"},
				"west": {"uv": [1.5, 2.75, 2, 10.375], "texture": "#0"},
				"up": {"uv": [5, 2, 4.5, 1.5], "texture": "#0"},
				"down": {"uv": [5, 2, 4.5, 2.5], "texture": "#0"}
			},
			"to": [8.52, 12.15, 7.48],
			"from": [7.48, -3.71, 7.48],
			"rotation": {"angle": 0, "axis": "y", "origin": [7.48, -1.11, 7.48]}
		},
		{
			"faces": {
				"north": {"uv": [0, 0, 0, 7.625], "texture": "#0"},
				"east": {"uv": [3.5, 7.25, 4, 14.875], "texture": "#0"},
				"south": {"uv": [0, 0, 0, 7.625], "texture": "#0"},
				"west": {"uv": [4, 7.25, 4.5, 14.875], "texture": "#0"},
				"up": {"uv": [0, 0.5, 0, 0], "texture": "#0"},
				"down": {"uv": [0, 0, 0, 0.5], "texture": "#0"}
			},
			"to": [8.52, 12.15, 8.52],
			"from": [8.52, -3.71, 7.48],
			"rotation": {"angle": 0, "axis": "y", "origin": [7.48, -1.11, 7.48]}
		},
		{
			"faces": {
				"north": {"uv": [7, 3.25, 7.5, 10.875], "texture": "#0"},
				"south": {"uv": [5.25, 7, 5.75, 14.625], "texture": "#0"}
			},
			"to": [8.52, 12.15, 8.52],
			"from": [7.48, -3.71, 8.52],
			"rotation": {"angle": 0, "axis": "y", "origin": [7.48, -1.11, 7.48]}
		},
		{
			"faces": {
				"north": {"uv": [0, 0, 0, 7.625], "texture": "#0"},
				"east": {"uv": [5.75, 7, 6.25, 14.625], "texture": "#0"},
				"south": {"uv": [0, 0, 0, 7.625], "texture": "#0"},
				"west": {"uv": [6.25, 7, 6.75, 14.625], "texture": "#0"},
				"up": {"uv": [0, 0.5, 0, 0], "texture": "#0"},
				"down": {"uv": [0, 0, 0, 0.5], "texture": "#0"}
			},
			"to": [7.48, 12.15, 8.52],
			"from": [7.48, -3.71, 7.48],
			"rotation": {"angle": 0, "axis": "y", "origin": [7.48, -1.11, 7.48]}
		}
	],
	"display": {
		"head": {
			"translation": [0, 5.6, 0],
			"scale": [4, 4, 4],
			"rotation": [0, 0, 0]
		}
	}
}