{
	"__credit": "Generated using Animated Java (https://animated-java.dev/)",
	"textures": {
		"0": "nyctocosm:items/nullpoint/nullpoint4"
	},
	"elements": [
		{
			"faces": {
				"north": {"uv": [3, 2.75, 3.4375, 3], "texture": "#0"},
				"east": {"uv": [0, 0, 0, 0.25], "texture": "#0"},
				"south": {"uv": [3, 3, 3.4375, 3.25], "texture": "#0"},
				"west": {"uv": [0, 0, 0, 0.25], "texture": "#0"},
				"up": {"uv": [0.4375, 0, 0, 0], "texture": "#0"},
				"down": {"uv": [0.4375, 0, 0, 0], "texture": "#0"}
			},
			"to": [8.46545, 5.26, 5.66],
			"from": [7.53455, 4.74, 5.66],
			"rotation": {"angle": -45, "axis": "y", "origin": [8, 5, 8]}
		},
		{
			"faces": {
				"north": {"uv": [3, 3.25, 3.4375, 3.5], "texture": "#0"},
				"east": {"uv": [0, 0, 0, 0.25], "texture": "#0"},
				"south": {"uv": [3.5, 0, 3.9375, 0.25], "texture": "#0"},
				"west": {"uv": [0, 0, 0, 0.25], "texture": "#0"},
				"up": {"uv": [0.4375, 0, 0, 0], "texture": "#0"},
				"down": {"uv": [0.4375, 0, 0, 0], "texture": "#0"}
			},
			"to": [8.46545, 5.26, 5.66],
			"from": [7.53455, 4.74, 5.66],
			"rotation": {"angle": -22.5, "axis": "y", "origin": [8, 5, 8]}
		},
		{
			"faces": {
				"north": {"uv": [3.5, 0.25, 3.9375, 0.5], "texture": "#0"},
				"east": {"uv": [0, 0, 0, 0.25], "texture": "#0"},
				"south": {"uv": [3.5, 0.5, 3.9375, 0.75], "texture": "#0"},
				"west": {"uv": [0, 0, 0, 0.25], "texture": "#0"},
				"up": {"uv": [0.4375, 0, 0, 0], "texture": "#0"},
				"down": {"uv": [0.4375, 0, 0, 0], "texture": "#0"}
			},
			"to": [8.46545, 5.26, 5.66],
			"from": [7.53455, 4.74, 5.66],
			"rotation": {"angle": 0, "axis": "y", "origin": [8, 5, 8]}
		},
		{
			"faces": {
				"north": {"uv": [3.5, 0.75, 3.9375, 1], "texture": "#0"},
				"east": {"uv": [0, 0, 0, 0.25], "texture": "#0"},
				"south": {"uv": [3.5, 1, 3.9375, 1.25], "texture": "#0"},
				"west": {"uv": [0, 0, 0, 0.25], "texture": "#0"},
				"up": {"uv": [0.4375, 0, 0, 0], "texture": "#0"},
				"down": {"uv": [0.4375, 0, 0, 0], "texture": "#0"}
			},
			"to": [8.46545, 5.26, 5.66],
			"from": [7.53455, 4.74, 5.66],
			"rotation": {"angle": 22.5, "axis": "y", "origin": [8, 5, 8]}
		},
		{
			"faces": {
				"north": {"uv": [3.5, 1.25, 3.9375, 1.5], "texture": "#0"},
				"east": {"uv": [0, 0, 0, 0.25], "texture": "#0"},
				"south": {"uv": [3.5, 1.5, 3.9375, 1.75], "texture": "#0"},
				"west": {"uv": [0, 0, 0, 0.25], "texture": "#0"},
				"up": {"uv": [0.4375, 0, 0, 0], "texture": "#0"},
				"down": {"uv": [0.4375, 0, 0, 0], "texture": "#0"}
			},
			"to": [8.46545, 5.26, 5.66],
			"from": [7.53455, 4.74, 5.66],
			"rotation": {"angle": 45, "axis": "y", "origin": [8, 5, 8]}
		},
		{
			"faces": {
				"north": {"uv": [3.5, 1.75, 3.9375, 2], "texture": "#0"},
				"east": {"uv": [0, 0, 0, 0.25], "texture": "#0"},
				"south": {"uv": [3.5, 2, 3.9375, 2.25], "texture": "#0"},
				"west": {"uv": [0, 0, 0, 0.25], "texture": "#0"},
				"up": {"uv": [0.4375, 0, 0, 0], "texture": "#0"},
				"down": {"uv": [0.4375, 0, 0, 0], "texture": "#0"}
			},
			"to": [8.46545, 5.26, 10.34],
			"from": [7.53455, 4.74, 10.34],
			"rotation": {"angle": -45, "axis": "y", "origin": [8, 5, 8]}
		},
		{
			"faces": {
				"north": {"uv": [3.5, 2.25, 3.9375, 2.5], "texture": "#0"},
				"east": {"uv": [0, 0, 0, 0.25], "texture": "#0"},
				"south": {"uv": [3.5, 2.5, 3.9375, 2.75], "texture": "#0"},
				"west": {"uv": [0, 0, 0, 0.25], "texture": "#0"},
				"up": {"uv": [0.4375, 0, 0, 0], "texture": "#0"},
				"down": {"uv": [0.4375, 0, 0, 0], "texture": "#0"}
			},
			"to": [8.46545, 5.26, 10.34],
			"from": [7.53455, 4.74, 10.34],
			"rotation": {"angle": -22.5, "axis": "y", "origin": [8, 5, 8]}
		},
		{
			"faces": {
				"north": {"uv": [3.5, 2.75, 3.9375, 3], "texture": "#0"},
				"east": {"uv": [0, 0, 0, 0.25], "texture": "#0"},
				"south": {"uv": [3, 3.5, 3.4375, 3.75], "texture": "#0"},
				"west": {"uv": [0, 0, 0, 0.25], "texture": "#0"},
				"up": {"uv": [0.4375, 0, 0, 0], "texture": "#0"},
				"down": {"uv": [0.4375, 0, 0, 0], "texture": "#0"}
			},
			"to": [8.46545, 5.26, 10.34],
			"from": [7.53455, 4.74, 10.34],
			"rotation": {"angle": 0, "axis": "y", "origin": [8, 5, 8]}
		},
		{
			"faces": {
				"north": {"uv": [3.5, 3, 3.9375, 3.25], "texture": "#0"},
				"east": {"uv": [0, 0, 0, 0.25], "texture": "#0"},
				"south": {"uv": [3.5, 3.25, 3.9375, 3.5], "texture": "#0"},
				"west": {"uv": [0, 0, 0, 0.25], "texture": "#0"},
				"up": {"uv": [0.4375, 0, 0, 0], "texture": "#0"},
				"down": {"uv": [0.4375, 0, 0, 0], "texture": "#0"}
			},
			"to": [8.46545, 5.26, 10.34],
			"from": [7.53455, 4.74, 10.34],
			"rotation": {"angle": 22.5, "axis": "y", "origin": [8, 5, 8]}
		},
		{
			"faces": {
				"north": {"uv": [3.5, 3.5, 3.9375, 3.75], "texture": "#0"},
				"east": {"uv": [0, 0, 0, 0.25], "texture": "#0"},
				"south": {"uv": [3, 3.75, 3.4375, 4], "texture": "#0"},
				"west": {"uv": [0, 0, 0, 0.25], "texture": "#0"},
				"up": {"uv": [0.4375, 0, 0, 0], "texture": "#0"},
				"down": {"uv": [0.4375, 0, 0, 0], "texture": "#0"}
			},
			"to": [8.46545, 5.26, 10.34],
			"from": [7.53455, 4.74, 10.34],
			"rotation": {"angle": 45, "axis": "y", "origin": [8, 5, 8]}
		},
		{
			"faces": {
				"north": {"uv": [0, 0, 0, 0.25], "texture": "#0"},
				"east": {"uv": [4.5, 4, 4.9375, 4.25], "texture": "#0"},
				"south": {"uv": [0, 0, 0, 0.25], "texture": "#0"},
				"west": {"uv": [4.5, 4.25, 4.9375, 4.5], "texture": "#0"},
				"up": {"uv": [0, 0.4375, 0, 0], "texture": "#0"},
				"down": {"uv": [0, 0, 0, 0.4375], "texture": "#0"}
			},
			"to": [5.66, 5.26, 8.46545],
			"from": [5.66, 4.74, 7.53455],
			"rotation": {"angle": -22.5, "axis": "y", "origin": [8, 5, 8]}
		},
		{
			"faces": {
				"north": {"uv": [0, 0, 0, 0.25], "texture": "#0"},
				"east": {"uv": [4.5, 4.5, 4.9375, 4.75], "texture": "#0"},
				"south": {"uv": [0, 0, 0, 0.25], "texture": "#0"},
				"west": {"uv": [4.5, 4.75, 4.9375, 5], "texture": "#0"},
				"up": {"uv": [0, 0.4375, 0, 0], "texture": "#0"},
				"down": {"uv": [0, 0, 0, 0.4375], "texture": "#0"}
			},
			"to": [5.66, 5.26, 8.46545],
			"from": [5.66, 4.74, 7.53455],
			"rotation": {"angle": 0, "axis": "y", "origin": [8, 5, 8]}
		},
		{
			"faces": {
				"north": {"uv": [0, 0, 0, 0.25], "texture": "#0"},
				"east": {"uv": [6.25, 6.5, 6.6875, 6.75], "texture": "#0"},
				"south": {"uv": [0, 0, 0, 0.25], "texture": "#0"},
				"west": {"uv": [6.5, 6.25, 6.9375, 6.5], "texture": "#0"},
				"up": {"uv": [0, 0.4375, 0, 0], "texture": "#0"},
				"down": {"uv": [0, 0, 0, 0.4375], "texture": "#0"}
			},
			"to": [5.66, 5.26, 8.46545],
			"from": [5.66, 4.74, 7.53455],
			"rotation": {"angle": 22.5, "axis": "y", "origin": [8, 5, 8]}
		},
		{
			"faces": {
				"north": {"uv": [0, 0, 0, 0.25], "texture": "#0"},
				"east": {"uv": [6.75, 0, 7.1875, 0.25], "texture": "#0"},
				"south": {"uv": [0, 0, 0, 0.25], "texture": "#0"},
				"west": {"uv": [6.75, 0.25, 7.1875, 0.5], "texture": "#0"},
				"up": {"uv": [0, 0.4375, 0, 0], "texture": "#0"},
				"down": {"uv": [0, 0, 0, 0.4375], "texture": "#0"}
			},
			"to": [10.34, 5.26, 8.46545],
			"from": [10.34, 4.74, 7.53455],
			"rotation": {"angle": -22.5, "axis": "y", "origin": [8, 5, 8]}
		},
		{
			"faces": {
				"north": {"uv": [0, 0, 0, 0.25], "texture": "#0"},
				"east": {"uv": [6.75, 0.5, 7.1875, 0.75], "texture": "#0"},
				"south": {"uv": [0, 0, 0, 0.25], "texture": "#0"},
				"west": {"uv": [6.75, 0.75, 7.1875, 1], "texture": "#0"},
				"up": {"uv": [0, 0.4375, 0, 0], "texture": "#0"},
				"down": {"uv": [0, 0, 0, 0.4375], "texture": "#0"}
			},
			"to": [10.34, 5.26, 8.46545],
			"from": [10.34, 4.74, 7.53455],
			"rotation": {"angle": 0, "axis": "y", "origin": [8, 5, 8]}
		},
		{
			"faces": {
				"north": {"uv": [0, 0, 0, 0.25], "texture": "#0"},
				"east": {"uv": [6.75, 1, 7.1875, 1.25], "texture": "#0"},
				"south": {"uv": [0, 0, 0, 0.25], "texture": "#0"},
				"west": {"uv": [6.75, 1.25, 7.1875, 1.5], "texture": "#0"},
				"up": {"uv": [0, 0.4375, 0, 0], "texture": "#0"},
				"down": {"uv": [0, 0, 0, 0.4375], "texture": "#0"}
			},
			"to": [10.34, 5.26, 8.46545],
			"from": [10.34, 4.74, 7.53455],
			"rotation": {"angle": 22.5, "axis": "y", "origin": [8, 5, 8]}
		}
	],
	"display": {
		"head": {
			"translation": [0, 5.6, 0],
			"scale": [4, 4, 4],
			"rotation": [0, 0, 0]
		}
	}
}