{
	"__credit": "Generated using Animated Java (https://animated-java.dev/)",
	"textures": {
		"0": "nyctocosm:items/nullpoint/nullpoint4"
	},
	"elements": [
		{
			"faces": {
				"north": {"uv": [4.75, 5.25, 5.125, 7.5], "texture": "#0"},
				"east": {"uv": [5.25, 4.75, 5.625, 7], "texture": "#0"},
				"south": {"uv": [5.5, 1.5, 5.875, 3.75], "texture": "#0"},
				"west": {"uv": [3, 5.5, 3.375, 7.75], "texture": "#0"},
				"up": {"uv": [6.375, 3.875, 6, 3.5], "texture": "#0"},
				"down": {"uv": [6.375, 4, 6, 4.375], "texture": "#0"}
			},
			"to": [8.64731, 5.09666, 7.69],
			"from": [7.86731, 0.41666, 6.91],
			"rotation": {"angle": 0, "axis": "y", "origin": [7.73731, -8.16334, 6.78]}
		},
		{
			"faces": {
				"north": {"uv": [6.25, 6, 6.375, 6.5], "texture": "#0"},
				"east": {"uv": [6.5, 0, 6.625, 0.5], "texture": "#0"},
				"south": {"uv": [6.5, 0.5, 6.625, 1], "texture": "#0"},
				"west": {"uv": [6.5, 1, 6.625, 1.5], "texture": "#0"},
				"up": {"uv": [5.625, 4.625, 5.5, 4.5], "texture": "#0"},
				"down": {"uv": [6.625, 3.5, 6.5, 3.625], "texture": "#0"}
			},
			"to": [9.60463, 5.34, 7.43],
			"from": [9.34463, 4.3, 7.17],
			"rotation": {"angle": 45, "axis": "z", "origin": [9.47463, 4.04, 7.04]}
		},
		{
			"faces": {
				"north": {"uv": [4, 5.5, 4.125, 7], "texture": "#0"},
				"east": {"uv": [4.5, 5.5, 4.625, 7], "texture": "#0"},
				"south": {"uv": [3.5, 5.75, 3.625, 7.25], "texture": "#0"},
				"west": {"uv": [3.75, 5.75, 3.875, 7.25], "texture": "#0"},
				"up": {"uv": [6.625, 3.875, 6.5, 3.75], "texture": "#0"},
				"down": {"uv": [6.625, 4, 6.5, 4.125], "texture": "#0"}
			},
			"to": [9.38271, 4.31577, 7.43],
			"from": [9.12271, 1.19577, 7.17],
			"rotation": {"angle": 0, "axis": "y", "origin": [9.25271, 3.01577, 7.04]}
		},
		{
			"faces": {
				"north": {"uv": [5.5, 3.75, 5.625, 4.375], "texture": "#0"},
				"east": {"uv": [6, 4.5, 6.125, 5.125], "texture": "#0"},
				"south": {"uv": [6, 5.25, 6.125, 5.875], "texture": "#0"},
				"west": {"uv": [6, 6, 6.125, 6.625], "texture": "#0"},
				"up": {"uv": [6.625, 4.375, 6.5, 4.25], "texture": "#0"},
				"down": {"uv": [6.625, 4.5, 6.5, 4.625], "texture": "#0"}
			},
			"to": [10.70772, 0.75463, 7.43],
			"from": [10.44772, -0.54537, 7.17],
			"rotation": {"angle": -45, "axis": "z", "origin": [10.57772, 2.57463, 7.04]}
		},
		{
			"faces": {
				"north": {"uv": [6.25, 0, 6.375, 0.625], "texture": "#0"},
				"east": {"uv": [6.25, 0.75, 6.375, 1.375], "texture": "#0"},
				"south": {"uv": [6.25, 4.5, 6.375, 5.125], "texture": "#0"},
				"west": {"uv": [6.25, 5.25, 6.375, 5.875], "texture": "#0"},
				"up": {"uv": [6.625, 4.875, 6.5, 4.75], "texture": "#0"},
				"down": {"uv": [6.625, 5, 6.5, 5.125], "texture": "#0"}
			},
			"to": [6.06691, 0.75463, 7.43],
			"from": [5.80691, -0.54537, 7.17],
			"rotation": {"angle": 45, "axis": "z", "origin": [5.93691, 2.57463, 7.04]}
		},
		{
			"faces": {
				"north": {"uv": [5.75, 3.75, 5.875, 5.25], "texture": "#0"},
				"east": {"uv": [4.25, 5.75, 4.375, 7.25], "texture": "#0"},
				"south": {"uv": [5.75, 5.25, 5.875, 6.75], "texture": "#0"},
				"west": {"uv": [6, 0, 6.125, 1.5], "texture": "#0"},
				"up": {"uv": [6.625, 5.375, 6.5, 5.25], "texture": "#0"},
				"down": {"uv": [6.625, 5.5, 6.5, 5.625], "texture": "#0"}
			},
			"to": [7.39192, 4.31577, 7.43],
			"from": [7.13192, 1.19577, 7.17],
			"rotation": {"angle": 0, "axis": "y", "origin": [7.26192, 3.01577, 7.04]}
		},
		{
			"faces": {
				"north": {"uv": [6.5, 1.5, 6.625, 2], "texture": "#0"},
				"east": {"uv": [6.5, 2, 6.625, 2.5], "texture": "#0"},
				"south": {"uv": [6.5, 2.5, 6.625, 3], "texture": "#0"},
				"west": {"uv": [6.5, 3, 6.625, 3.5], "texture": "#0"},
				"up": {"uv": [6.625, 5.875, 6.5, 5.75], "texture": "#0"},
				"down": {"uv": [6.625, 6, 6.5, 6.125], "texture": "#0"}
			},
			"to": [7.17, 5.34, 7.43],
			"from": [6.91, 4.3, 7.17],
			"rotation": {"angle": -45, "axis": "z", "origin": [7.04, 4.04, 7.04]}
		}
	],
	"display": {
		"head": {
			"translation": [0, 5.6, 0],
			"scale": [4, 4, 4],
			"rotation": [0, 0, 0]
		}
	}
}