{
	"credit": "Made with Blockbench",
	"parent": "block/block",
	"texture_size": [64, 64],
	"textures": {
		"0": "nyctocosm:magic/dais/daisanvil",
		"particle": "nyctocosm:magic/dais/daisanvil"
	},
	"elements": [
		{
			"name": "Anvil base",
			"from": [1.994, -0.001, 1.994],
			"to": [14.006, 4.003, 14.006],
			"rotation": {"angle": 0, "axis": "y", "origin": [7.992, 7.5, 7.992]},
			"faces": {
				"north": {"uv": [2.5, 7, 5.5, 8], "texture": "#0"},
				"east": {"uv": [5.5, 7, 8.5, 8], "texture": "#0"},
				"south": {"uv": [2.5, 8, 5.5, 9], "texture": "#0"},
				"west": {"uv": [8, 3, 11, 4], "texture": "#0"},
				"up": {"uv": [3, 7, 0, 4], "texture": "#0"},
				"down": {"uv": [6, 4, 3, 7], "texture": "#0", "cullface": "down"}
			}
		},
		{
			"name": "Lower narrow portion",
			"from": [3.996, 4.004, 2.995],
			"to": [12.004, 5.005, 13.005],
			"rotation": {"angle": 0, "axis": "y", "origin": [7.992, 7.5, 7.992]},
			"faces": {
				"north": {"uv": [8.5, 5.75, 10.5, 6], "texture": "#0"},
				"east": {"uv": [8, 5.25, 10.5, 5.5], "texture": "#0"},
				"south": {"uv": [8.5, 6, 10.5, 6.25], "texture": "#0"},
				"west": {"uv": [8.5, 5.5, 11, 5.75], "texture": "#0"},
				"up": {"uv": [8, 5.5, 6, 3], "texture": "#0"}
			}
		},
		{
			"name": "Wider section beneath top portion",
			"from": [5.998, 5.005, 3.996],
			"to": [10.002, 10.01, 12.004],
			"rotation": {"angle": 0, "axis": "y", "origin": [7.992, 7.5, 7.992]},
			"faces": {
				"north": {"uv": [7.5, 8, 8.5, 9.25], "texture": "#0"},
				"east": {"uv": [8, 4, 10, 5.25], "texture": "#0"},
				"south": {"uv": [0, 8.5, 1, 9.75], "texture": "#0"},
				"west": {"uv": [5.5, 8, 7.5, 9.25], "texture": "#0"}
			}
		},
		{
			"name": "Anvil top",
			"from": [2.995, 9.999, -0.008],
			"to": [13.005, 16.005, 16.008],
			"rotation": {"angle": 0, "axis": "y", "origin": [7.992, 7.5, 7.992]},
			"faces": {
				"north": {"uv": [6, 5.5, 8.5, 7], "texture": "#0"},
				"east": {"uv": [5, 0, 9, 1.5], "texture": "#0"},
				"south": {"uv": [0, 7, 2.5, 8.5], "texture": "#0"},
				"west": {"uv": [5, 1.5, 9, 3], "texture": "#0"},
				"up": {"uv": [2.5, 4, 0, 0], "texture": "#0"},
				"down": {"uv": [5, 0, 2.5, 4], "texture": "#0"}
			}
		}
	],
	"display": {
		"head": {
			"rotation": [0, 90, 0],
			"translation": [0, -30.4, 0],
			"scale": [1.6, 1.6, 1.6]
		},
		"fixed": {
			"rotation": [0, 90, 0],
			"scale": [0.5, 0.5, 0.5]
		}
	},
	"groups": [
		{
			"name": "group",
			"origin": [-0.008, 0, -0.008],
			"color": 0,
			"nbt": "{}",
			"armAnimationEnabled": false,
			"children": [0, 1, 2, 3]
		}
	]
}