{
	"credit": "Made with Blockbench",
	"texture_size": [64, 64],
	"textures": {
		"0": "nyctocosm:magic/dais/dais_ring_1",
		"1": "nyctocosm:magic/dais/dais_ring_2",
		"particle": "nyctocosm:magic/dais/dais_ring_1"
	},
	"elements": [
		{
			"name": "hexadecagon",
			"from": [3.5001, 6, -14.62253],
			"to": [12.5001, 10, -14.62253],
			"rotation": {"angle": -45, "axis": "y", "origin": [8, 8, 8]},
			"faces": {
				"north": {"uv": [0, 0, 2.25, 1], "texture": "#1"},
				"east": {"uv": [0, 0, 0, 1], "texture": "#1"},
				"south": {"uv": [2.25, 0, 0, 1], "texture": "#1"},
				"west": {"uv": [0, 0, 0, 1], "texture": "#1"},
				"up": {"uv": [0, 0, 2.25, 0], "texture": "#1"},
				"down": {"uv": [0, 0, 2.25, 0], "texture": "#1"}
			}
		},
		{
			"name": "hexadecagon",
			"from": [3.5001, 6, -14.62253],
			"to": [12.5001, 10, -14.62253],
			"rotation": {"angle": -22.5, "axis": "y", "origin": [8, 8, 8]},
			"faces": {
				"north": {"uv": [0, 0, 2.25, 1], "texture": "#0"},
				"east": {"uv": [0, 0, 0, 1], "texture": "#0"},
				"south": {"uv": [2.25, 0, 0, 1], "texture": "#0"},
				"west": {"uv": [0, 0, 0, 1], "texture": "#0"},
				"up": {"uv": [0, 0, 2.25, 0], "texture": "#0"},
				"down": {"uv": [0, 0, 2.25, 0], "texture": "#0"}
			}
		},
		{
			"name": "hexadecagon",
			"from": [3.5001, 6, -14.62253],
			"to": [12.5001, 10, -14.62253],
			"rotation": {"angle": 0, "axis": "y", "origin": [8, 8, 8]},
			"faces": {
				"north": {"uv": [0, 0, 2.25, 1], "texture": "#1"},
				"east": {"uv": [0, 0, 0, 1], "texture": "#1"},
				"south": {"uv": [2.25, 0, 0, 1], "texture": "#1"},
				"west": {"uv": [0, 0, 0, 1], "texture": "#1"},
				"up": {"uv": [0, 0, 2.25, 0], "texture": "#1"},
				"down": {"uv": [0, 0, 2.25, 0], "texture": "#1"}
			}
		},
		{
			"name": "hexadecagon",
			"from": [3.5001, 6, -14.62253],
			"to": [12.5001, 10, -14.62253],
			"rotation": {"angle": 22.5, "axis": "y", "origin": [8, 8, 8]},
			"faces": {
				"north": {"uv": [0, 0, 2.25, 1], "texture": "#0"},
				"east": {"uv": [0, 0, 0, 1], "texture": "#0"},
				"south": {"uv": [2.25, 0, 0, 1], "texture": "#0"},
				"west": {"uv": [0, 0, 0, 1], "texture": "#0"},
				"up": {"uv": [0, 0, 2.25, 0], "texture": "#0"},
				"down": {"uv": [0, 0, 2.25, 0], "texture": "#0"}
			}
		},
		{
			"name": "hexadecagon",
			"from": [3.5001, 6, -14.62253],
			"to": [12.5001, 10, -14.62253],
			"rotation": {"angle": 45, "axis": "y", "origin": [8, 8, 8]},
			"faces": {
				"north": {"uv": [0, 0, 2.25, 1], "texture": "#1"},
				"east": {"uv": [0, 0, 0, 1], "texture": "#1"},
				"south": {"uv": [2.25, 0, 0, 1], "texture": "#1"},
				"west": {"uv": [0, 0, 0, 1], "texture": "#1"},
				"up": {"uv": [0, 0, 2.25, 0], "texture": "#1"},
				"down": {"uv": [0, 0, 2.25, 0], "texture": "#1"}
			}
		},
		{
			"name": "hexadecagon",
			"from": [3.5001, 6, 30.62253],
			"to": [12.5001, 10, 30.62253],
			"rotation": {"angle": -45, "axis": "y", "origin": [8, 8, 8]},
			"faces": {
				"north": {"uv": [0, 0, 2.25, 1], "texture": "#1"},
				"east": {"uv": [0, 0, 0, 1], "texture": "#1"},
				"south": {"uv": [2.25, 0, 0, 1], "texture": "#1"},
				"west": {"uv": [0, 0, 0, 1], "texture": "#1"},
				"up": {"uv": [0, 0, 2.25, 0], "texture": "#1"},
				"down": {"uv": [0, 0, 2.25, 0], "texture": "#1"}
			}
		},
		{
			"name": "hexadecagon",
			"from": [3.5001, 6, 30.62253],
			"to": [12.5001, 10, 30.62253],
			"rotation": {"angle": -22.5, "axis": "y", "origin": [8, 8, 8]},
			"faces": {
				"north": {"uv": [0, 0, 2.25, 1], "texture": "#0"},
				"east": {"uv": [0, 0, 0, 1], "texture": "#0"},
				"south": {"uv": [2.25, 0, 0, 1], "texture": "#0"},
				"west": {"uv": [0, 0, 0, 1], "texture": "#0"},
				"up": {"uv": [0, 0, 2.25, 0], "texture": "#0"},
				"down": {"uv": [0, 0, 2.25, 0], "texture": "#0"}
			}
		},
		{
			"name": "hexadecagon",
			"from": [3.5001, 6, 30.62253],
			"to": [12.5001, 10, 30.62253],
			"rotation": {"angle": 0, "axis": "y", "origin": [8, 8, 8]},
			"faces": {
				"north": {"uv": [0, 0, 2.25, 1], "texture": "#1"},
				"east": {"uv": [0, 0, 0, 1], "texture": "#1"},
				"south": {"uv": [2.25, 0, 0, 1], "texture": "#1"},
				"west": {"uv": [0, 0, 0, 1], "texture": "#1"},
				"up": {"uv": [0, 0, 2.25, 0], "texture": "#1"},
				"down": {"uv": [0, 0, 2.25, 0], "texture": "#1"}
			}
		},
		{
			"name": "hexadecagon",
			"from": [3.5001, 6, 30.62253],
			"to": [12.5001, 10, 30.62253],
			"rotation": {"angle": 22.5, "axis": "y", "origin": [8, 8, 8]},
			"faces": {
				"north": {"uv": [0, 0, 2.25, 1], "texture": "#0"},
				"east": {"uv": [0, 0, 0, 1], "texture": "#0"},
				"south": {"uv": [2.25, 0, 0, 1], "texture": "#0"},
				"west": {"uv": [0, 0, 0, 1], "texture": "#0"},
				"up": {"uv": [0, 0, 2.25, 0], "texture": "#0"},
				"down": {"uv": [0, 0, 2.25, 0], "texture": "#0"}
			}
		},
		{
			"name": "hexadecagon",
			"from": [3.5001, 6, 30.62253],
			"to": [12.5001, 10, 30.62253],
			"rotation": {"angle": 45, "axis": "y", "origin": [8, 8, 8]},
			"faces": {
				"north": {"uv": [0, 0, 2.25, 1], "texture": "#1"},
				"east": {"uv": [0, 0, 0, 1], "texture": "#1"},
				"south": {"uv": [2.25, 0, 0, 1], "texture": "#1"},
				"west": {"uv": [0, 0, 0, 1], "texture": "#1"},
				"up": {"uv": [0, 0, 2.25, 0], "texture": "#1"},
				"down": {"uv": [0, 0, 2.25, 0], "texture": "#1"}
			}
		},
		{
			"name": "hexadecagon",
			"from": [-14.62253, 6, 3.5001],
			"to": [-14.62253, 10, 12.5001],
			"rotation": {"angle": -22.5, "axis": "y", "origin": [8, 8, 8]},
			"faces": {
				"north": {"uv": [0, 0, 0, 1], "texture": "#0"},
				"east": {"uv": [0, 0, 2.25, 1], "texture": "#0"},
				"south": {"uv": [0, 0, 0, 1], "texture": "#0"},
				"west": {"uv": [2.25, 0, 0, 1], "texture": "#0"},
				"up": {"uv": [0, 0, 0, 2.25], "texture": "#0"},
				"down": {"uv": [0, 0, 0, 2.25], "texture": "#0"}
			}
		},
		{
			"name": "hexadecagon",
			"from": [-14.62253, 6, 3.5001],
			"to": [-14.62253, 10, 12.5001],
			"rotation": {"angle": 0, "axis": "y", "origin": [8, 8, 8]},
			"faces": {
				"north": {"uv": [0, 0, 0, 1], "texture": "#1"},
				"east": {"uv": [0, 0, 2.25, 1], "texture": "#1"},
				"south": {"uv": [0, 0, 0, 1], "texture": "#1"},
				"west": {"uv": [2.25, 0, 0, 1], "texture": "#1"},
				"up": {"uv": [0, 0, 0, 2.25], "texture": "#1"},
				"down": {"uv": [0, 0, 0, 2.25], "texture": "#1"}
			}
		},
		{
			"name": "hexadecagon",
			"from": [-14.62253, 6, 3.5001],
			"to": [-14.62253, 10, 12.5001],
			"rotation": {"angle": 22.5, "axis": "y", "origin": [8, 8, 8]},
			"faces": {
				"north": {"uv": [0, 0, 0, 1], "texture": "#0"},
				"east": {"uv": [0, 0, 2.25, 1], "texture": "#0"},
				"south": {"uv": [0, 0, 0, 1], "texture": "#0"},
				"west": {"uv": [2.25, 0, 0, 1], "texture": "#0"},
				"up": {"uv": [0, 0, 0, 2.25], "texture": "#0"},
				"down": {"uv": [0, 0, 0, 2.25], "texture": "#0"}
			}
		},
		{
			"name": "hexadecagon",
			"from": [30.62253, 6, 3.5001],
			"to": [30.62253, 10, 12.5001],
			"rotation": {"angle": -22.5, "axis": "y", "origin": [8, 8, 8]},
			"faces": {
				"north": {"uv": [0, 0, 0, 1], "texture": "#0"},
				"east": {"uv": [0, 0, 2.25, 1], "texture": "#0"},
				"south": {"uv": [0, 0, 0, 1], "texture": "#0"},
				"west": {"uv": [2.25, 0, 0, 1], "texture": "#0"},
				"up": {"uv": [0, 0, 0, 2.25], "texture": "#0"},
				"down": {"uv": [0, 0, 0, 2.25], "texture": "#0"}
			}
		},
		{
			"name": "hexadecagon",
			"from": [30.62253, 6, 3.5001],
			"to": [30.62253, 10, 12.5001],
			"rotation": {"angle": 0, "axis": "y", "origin": [8, 8, 8]},
			"faces": {
				"north": {"uv": [0, 0, 0, 1], "texture": "#1"},
				"east": {"uv": [0, 0, 2.25, 1], "texture": "#1"},
				"south": {"uv": [0, 0, 0, 1], "texture": "#1"},
				"west": {"uv": [2.25, 0, 0, 1], "texture": "#1"},
				"up": {"uv": [0, 0, 0, 2.25], "texture": "#1"},
				"down": {"uv": [0, 0, 0, 2.25], "texture": "#1"}
			}
		},
		{
			"name": "hexadecagon",
			"from": [30.62253, 6, 3.5001],
			"to": [30.62253, 10, 12.5001],
			"rotation": {"angle": 22.5, "axis": "y", "origin": [8, 8, 8]},
			"faces": {
				"north": {"uv": [0, 0, 0, 1], "texture": "#0"},
				"east": {"uv": [0, 0, 2.25, 1], "texture": "#0"},
				"south": {"uv": [0, 0, 0, 1], "texture": "#0"},
				"west": {"uv": [2.25, 0, 0, 1], "texture": "#0"},
				"up": {"uv": [0, 0, 0, 2.25], "texture": "#0"},
				"down": {"uv": [0, 0, 0, 2.25], "texture": "#0"}
			}
		}
	],
	"display": {
		"thirdperson_righthand": {
			"scale": [1.6, 1.6, 1.6]
		},
		"head": {
			"translation": [0, -5, 0],
			"scale": [1.6, 1.6, 1.6]
		}
	},
	"groups": [
		{
			"name": "hexadecagon",
			"origin": [8, 8, 8],
			"color": 0,
			"nbt": "{}",
			"armAnimationEnabled": false,
			"children": [0, 1, 2, 3, 4, 5, 6, 7, 8, 9, 10, 11, 12, 13, 14, 15]
		}
	]
}