{
    "sources": [
        {
            "type": "single",
            "resource": "nyctocosm:items/nullpoint/nullpoint4"
        },
        {
            "type": "single",
            "resource": "nyctocosm:items/scythe/scythe"
        },
        {
            "type": "single",
            "resource": "nyctocosm:items/wyrmsliver/wyrmsliver"
        },
        {
            "type": "single",
            "resource": "nyctocosm:items/lorebooks/ancient_journals"
        },
        {
            "type": "single",
            "resource": "nyctocosm:items/lorebooks/catechism"
        },
        {
            "type": "single",
            "resource": "nyctocosm:magic/planar_ring"
        },
        {
            "type": "single",
            "resource": "nyctocosm:magic/magic_plane"
        },
        {
            "type": "single",
            "resource": "nyctocosm:magic/planar_ring_active"
        },
        {
            "type": "single",
            "resource": "nyctocosm:magic/soul_bottle"
        },
        {
            "type": "single",
            "resource": "nyctocosm:magic/sculk_soul_8"
        },
        {
            "type": "single",
            "resource": "nyctocosm:magic/void_plane"
        },
        {
            "type": "single",
            "resource": "nyctocosm:magic/aj/cast_spell/cast_spell_circle"
        },
        {
            "type": "single",
            "resource": "nyctocosm:magic/aj/cast_spell/cast_spell_words"
        },
        {
            "type": "single",
            "resource": "nyctocosm:magic/aj/cast_spell/cast_spell_circle_thin"
        },
        {
            "type": "single",
            "resource": "nyctocosm:magic/dais/daisanvil"
        },
        {
            "type": "single",
            "resource": "nyctocosm:magic/dais/dais_ring_1"
        },
        {
            "type": "single",
            "resource": "nyctocosm:magic/dais/dais_ring_2"
        },
        {
            "type": "single",
            "resource": "nyctocosm:magic/dais/dais_ring_1_glyph"
        },
        {
            "type": "single",
            "resource": "nyctocosm:magic/dais/dais_ring_2_glyph"
        },
        {
            "type": "single",
            "resource": "nyctocosm:magic/planar_ring_e"
        },
        {
            "type": "single",
            "resource": "particle:particles/dissonance"
        },
        {
            "type": "single",
            "resource": "particle:particles/dream"
        },
        {
            "type": "single",
            "resource": "particle:particles/nightmare"
        },
        {
            "type": "single",
            "resource": "particle:particles/radiance"
        },
        {
            "type": "single",
            "resource": "particle:particles/resonance"
        },
        {
            "type": "single",
            "resource": "particle:particles/void"
        },
        {
            "type": "single",
            "resource": "nyctocosm:magic/spells/icicle/ice"
        },
        {
            "type": "single",
            "resource": "nyctocosm:magic/spell_circles/abhorrence"
        },
        {
            "type": "single",
            "resource": "nyctocosm:magic/spell_circles/adamance"
        },
        {
            "type": "single",
            "resource": "nyctocosm:magic/spell_circles/evanescence"
        },
        {
            "type": "single",
            "resource": "nyctocosm:magic/spell_circles/forbiddance"
        },
        {
            "type": "single",
            "resource": "nyctocosm:magic/spell_circles/fulminance"
        },
        {
            "type": "single",
            "resource": "nyctocosm:magic/spell_circles/gravitance"
        },
        {
            "type": "single",
            "resource": "nyctocosm:magic/spell_circles/incandescence"
        },
        {
            "type": "single",
            "resource": "nyctocosm:magic/spell_circles/incurrence"
        },
        {
            "type": "single",
            "resource": "nyctocosm:magic/spell_circles/luminescence"
        },
        {
            "type": "single",
            "resource": "nyctocosm:magic/spell_circles/reflectance"
        },
        {
            "type": "single",
            "resource": "nyctocosm:magic/spell_circles/repellance"
        },
        {
            "type": "single",
            "resource": "nyctocosm:magic/spell_circles/resistance"
        },
        {
            "type": "single",
            "resource": "nyctocosm:magic/spell_circles/resonance"
        },
        {
            "type": "single",
            "resource": "nyctocosm:magic/spell_circles/submergence"
        },
        {
            "type": "single",
            "resource": "nyctocosm:magic/spell_circles/subsistence"
        },
        {
            "type": "single",
            "resource": "nyctocosm:magic/spell_circles/transmittance"
        },
        {
            "type": "single",
            "resource": "nyctocosm:magic/spell_circles/vacance"
        },
        {
            "type": "single",
            "resource": "nyctocosm:mobs/death_walker/death_walker"
        },
        {
            "type": "single",
            "resource": "nyctocosm:mobs/nightmare_apparition/nightmare_apparition_full"
        },
        {
            "type": "single",
            "resource": "nyctocosm:mobs/nightmare_apparition/nightmare_apparition"
        },
        {
            "type": "single",
            "resource": "nyctocosm:mobs/nightmare_apparition/nightmare_apparition_full_attacking"
        },
        {
            "type": "single",
            "resource": "nyctocosm:mobs/nightmare_apparition/nightmare_apparition_attacking"
        },
        {
            "type": "single",
            "resource": "nyctocosm:portal/external_resonance_corner"
        },
        {
            "type": "single",
            "resource": "nyctocosm:portal/external_resonance_vertical"
        },
        {
            "type": "single",
            "resource": "nyctocosm:portal/portal_surface_upper"
        },
        {
            "type": "single",
            "resource": "nyctocosm:serpent/serpent_head"
        },
        {
            "type": "single",
            "resource": "nyctocosm:serpent/serpent_segment"
        },
        {
            "type": "single",
            "resource": "nyctocosm:serpent/serpent_tail"
        },
        {
            "type": "single",
            "resource": "nyctocosm:sorcerer/sorcerer32"
        },
        {
            "type": "single",
            "resource": "nyctocosm:sorcerer/slashsmear"
        },
        {
            "type": "single",
            "resource": "nyctocosm:sorcerer/transparent"
        },
        {
            "type": "single",
            "resource": "particle:transparent"
        }
    ]
}